,truck_id,bridge_id,bridge_condition,bridge_length,start_time,end_time,wait_duration
0,Truck41760,1002288,D,6.4,547,564.5657842996733,17.56578429967326
1,Truck41761,1002288,D,6.4,552,565.2865232702098,13.286523270209845
2,Truck41762,1002288,D,6.4,557,572.7262532185129,15.726253218512817
3,Truck41763,1002288,D,6.4,562,573.1807097923614,11.180709792361395
4,Truck41764,1002288,D,6.4,567,582.8007803302121,15.800780330212064
5,Truck41765,1002288,D,6.4,572,588.4605327302494,16.46053273024942
6,Truck41766,1002288,D,6.4,577,588.3361376027543,11.336137602754306
7,Truck41767,1002288,D,6.4,582,596.1655341563036,14.16553415630354
8,Truck41768,1002288,D,6.4,587,602.9622947391472,15.962294739147229
9,Truck41769,1002288,D,6.4,592,607.7887176607289,15.788717660728928
10,Truck41770,1002288,D,6.4,597,614.808580535412,17.808580535412055
11,Truck41771,1002288,D,6.4,602,620.9245427352191,18.92454273521914
12,Truck41772,1002288,D,6.4,607,617.8846822566709,10.884682256670912
13,Truck41773,1002288,D,6.4,612,623.0068046550084,11.006804655008386
14,Truck41774,1002288,D,6.4,617,629.6988822007078,12.69888220070782
15,Truck41775,1002288,D,6.4,622,641.4212665531975,19.421266553197448
16,Truck41776,1002288,D,6.4,627,643.7035358666479,16.703535866647893
17,Truck41777,1002288,D,6.4,632,645.3904877045284,13.39048770452841
18,Truck41778,1002288,D,6.4,637,651.6849520529356,14.684952052935671
19,Truck41779,1002288,D,6.4,642,653.6206021013991,11.620602101399033
20,Truck41780,1002288,D,6.4,647,664.5024757016606,17.502475701660664
21,Truck41781,1002288,D,6.4,652,664.3951740796546,12.395174079654604
22,Truck41782,1002288,D,6.4,657,674.9470726851179,17.947072685117824
23,Truck41783,1002288,D,6.4,662,678.7321352563911,16.732135256391075
24,Truck41784,1002288,D,6.4,667,680.1267471178768,13.12674711787678
25,Truck41785,1002288,D,6.4,672,687.2050122902933,15.205012290293293
26,Truck41786,1002288,D,6.4,677,689.233795313569,12.233795313569
27,Truck41787,1002288,D,6.4,682,694.2837002487375,12.283700248737492
28,Truck41788,1002288,D,6.4,687,699.7617006095256,12.761700609525633
29,Truck41789,1002288,D,6.4,692,704.5314304883331,12.531430488333026
30,Truck41790,1002288,D,6.4,697,716.3150402281979,19.315040228197894
31,Truck41791,1002288,D,6.4,702,712.2178262285017,10.21782622850177
32,Truck41792,1002288,D,6.4,707,726.1039061564345,19.10390615643447
33,Truck41793,1002288,D,6.4,712,729.569745218853,17.56974521885298
34,Truck41794,1002288,D,6.4,717,733.5198598897957,16.51985988979575
35,Truck41795,1002288,D,6.4,722,735.1752914404317,13.175291440431684
36,Truck41796,1002288,D,6.4,727,738.8483180430783,11.848318043078232
37,Truck41797,1002288,D,6.4,732,742.6462587791749,10.6462587791749
38,Truck41798,1002288,D,6.4,737,752.4477481039494,15.447748103949365
39,Truck41799,1002288,D,6.4,742,758.5675249607095,16.567524960709534
40,Truck41800,1002288,D,6.4,747,763.9029476188724,16.90294761887244
41,Truck41801,1002288,D,6.4,752,766.2953783463759,14.295378346375873
42,Truck41802,1002288,D,6.4,757,769.7650580675712,12.765058067571212
43,Truck41803,1002288,D,6.4,762,772.6236880326115,10.62368803261154
44,Truck41804,1002288,D,6.4,767,777.1457686935734,10.145768693573313
45,Truck41805,1002288,D,6.4,772,785.888036929145,13.888036929144992
46,Truck41806,1002288,D,6.4,777,789.5433977907823,12.543397790782294
47,Truck41807,1002288,D,6.4,782,797.9651707595214,15.965170759521328
48,Truck41808,1002288,D,6.4,787,797.4677796849655,10.46777968496554
49,Truck41809,1002288,D,6.4,792,806.0335703863597,14.033570386359672
50,Truck41810,1002288,D,6.4,797,810.7219881345422,13.721988134542231
51,Truck41811,1002288,D,6.4,802,814.5144081003749,12.51440810037489
52,Truck41812,1002288,D,6.4,807,824.1815462348876,17.181546234887644
53,Truck41813,1002288,D,6.4,812,829.5751517665354,17.575151766535477
54,Truck41814,1002288,D,6.4,817,829.5985982402121,12.598598240212102
55,Truck41815,1002288,D,6.4,822,839.6094243266836,17.609424326683538
56,Truck41816,1002288,D,6.4,827,844.5305745940448,17.530574594044765
57,Truck41817,1002288,D,6.4,832,842.4399747242079,10.439974724207955
58,Truck41818,1002288,D,6.4,837,849.930420912039,12.930420912038992
59,Truck41819,1002288,D,6.4,842,857.3461940431558,15.346194043155853
60,Truck41820,1002288,D,6.4,847,861.5332417611523,14.533241761152361
61,Truck41821,1002288,D,6.4,852,863.1676290358114,11.167629035811387
62,Truck41822,1002288,D,6.4,857,872.7193195882248,15.71931958822478
63,Truck41823,1002288,D,6.4,862,880.0244870677765,18.02448706777644
64,Truck41824,1002288,D,6.4,867,884.7154429638297,17.715442963829645
65,Truck41825,1002288,D,6.4,872,886.6645756426382,14.664575642638216
66,Truck41826,1002288,D,6.4,877,892.452399980133,15.452399980133048
67,Truck41827,1002288,D,6.4,882,892.3779742431615,10.377974243161507
68,Truck41828,1002288,D,6.4,887,901.2973899446439,14.297389944643868
69,Truck41829,1002288,D,6.4,892,909.426289578159,17.426289578158904
70,Truck41830,1002288,D,6.4,897,911.5268051060984,14.52680510609839
71,Truck41831,1002288,D,6.4,902,917.0397771267352,15.03977712673518
72,Truck41832,1002288,D,6.4,907,923.0819554337207,16.081955433720715
73,Truck41833,1002288,D,6.4,912,928.2882595808717,16.288259580871724
74,Truck41834,1002288,D,6.4,917,934.6394947005116,17.639494700511623
75,Truck41835,1002288,D,6.4,922,937.0853723821658,15.08537238216587
76,Truck41836,1002288,D,6.4,927,944.1386121108991,17.138612110899082
77,Truck41837,1002288,D,6.4,932,947.5726845462729,15.572684546272816
78,Truck41838,1002288,D,6.4,937,949.1292549652069,12.129254965206892
79,Truck41839,1002288,D,6.4,942,961.2969742013746,19.296974201374567
80,Truck41840,1002288,D,6.4,947,966.5517671957529,19.55176719575286
81,Truck41841,1002288,D,6.4,952,965.9567256533344,13.956725653334416
82,Truck41842,1002288,D,6.4,957,970.7330036103648,13.73300361036474
83,Truck41843,1002288,D,6.4,962,974.2429785994082,12.242978599408207
84,Truck41844,1002288,D,6.4,967,979.4382683330567,12.43826833305674
85,Truck41845,1002288,D,6.4,972,983.1333149856008,11.13331498560081
86,Truck41846,1002288,D,6.4,977,991.5304963824286,14.530496382428666
87,Truck41847,1002288,D,6.4,982,997.3363958218265,15.336395821826514
88,Truck41848,1002288,D,6.4,987,1006.1068718821133,19.106871882113317
89,Truck41849,1002288,D,6.4,992,1002.540072722305,10.540072722305029
90,Truck41850,1002288,D,6.4,997,1009.0504625907737,12.050462590773725
91,Truck41851,1002288,D,6.4,1002,1014.8990711050345,12.899071105034562
92,Truck41852,1002288,D,6.4,1007,1021.4617485643934,14.461748564393364
93,Truck41853,1002288,D,6.4,1012,1028.7298058951123,16.72980589511244
94,Truck41854,1002288,D,6.4,1017,1035.7709933382794,18.770993338279425
95,Truck41855,1002288,D,6.4,1022,1038.2472194672298,16.247219467229847
96,Truck41856,1002288,D,6.4,1027,1037.3970881643831,10.397088164383051
97,Truck41857,1002288,D,6.4,1032,1051.2920823943764,19.292082394376337
98,Truck41858,1002288,D,6.4,1037,1051.904357498381,14.90435749838103
99,Truck41859,1002288,D,6.4,1042,1059.5304529428086,17.530452942808438
100,Truck41860,1002288,D,6.4,1047,1062.029003179328,15.029003179327834
101,Truck41861,1002288,D,6.4,1052,1065.6175193449058,13.617519344905716
102,Truck41862,1002288,D,6.4,1057,1069.2307190259853,12.230719025985286
103,Truck41863,1002288,D,6.4,1062,1074.148839860157,12.14883986015706
104,Truck41864,1002288,D,6.4,1067,1077.7267738694113,10.726773869411346
105,Truck41865,1002288,D,6.4,1072,1085.0559688799474,13.05596887994732
106,Truck41866,1002288,D,6.4,1077,1088.1645646602017,11.164564660201762
107,Truck41867,1002288,D,6.4,1082,1101.2804040475655,19.280404047565547
108,Truck41868,1002288,D,6.4,1087,1097.448710105733,10.44871010573302
109,Truck41869,1002288,D,6.4,1092,1107.511161651095,15.51116165109513
110,Truck41870,1002288,D,6.4,1097,1110.2144079949728,13.214407994972891
111,Truck41871,1002288,D,6.4,1102,1116.2577227329173,14.257722732917358
112,Truck41872,1002288,D,6.4,1107,1123.0390403802785,16.039040380278564
113,Truck41873,1002288,D,6.4,1112,1128.7256376019145,16.725637601914464
114,Truck41874,1002288,D,6.4,1117,1131.103584285274,14.103584285274216
115,Truck41875,1002288,D,6.4,1122,1136.5569609370573,14.55696093705738
116,Truck41876,1002288,D,6.4,1127,1137.698218910864,10.698218910863966
117,Truck41877,1002288,D,6.4,1132,1142.0592163099927,10.059216309992813
118,Truck41878,1002288,D,6.4,1137,1147.548459035791,10.548459035791005
119,Truck41879,1002288,D,6.4,1142,1154.4889627346654,12.488962734665453
120,Truck41880,1002288,D,6.4,1147,1159.4944088988004,12.494408898800328
121,Truck41881,1002288,D,6.4,1152,1163.5169328604134,11.516932860413338
122,Truck41882,1002288,D,6.4,1157,1175.549431196854,18.549431196853845
123,Truck41883,1002288,D,6.4,1162,1181.7983883072607,19.79838830726068
124,Truck41884,1002288,D,6.4,1167,1182.0849587706196,15.084958770619625
125,Truck41885,1002288,D,6.4,1172,1188.0778862582517,16.07788625825179
126,Truck41886,1002288,D,6.4,1177,1190.053365183078,13.053365183078078
127,Truck41887,1002288,D,6.4,1182,1197.0248062557819,15.024806255781858
128,Truck41888,1002288,D,6.4,1187,1205.3871464715037,18.387146471503687
129,Truck41889,1002288,D,6.4,1192,1202.3758115846654,10.375811584665305
130,Truck41890,1002288,D,6.4,1197,1207.3305940121243,10.330594012124353
131,Truck41891,1002288,D,6.4,1202,1212.2835982469492,10.283598246949078
132,Truck41892,1002288,D,6.4,1207,1218.6113263182474,11.6113263182475
133,Truck41893,1002288,D,6.4,1212,1228.3779131332722,16.37791313327223
134,Truck41894,1002288,D,6.4,1217,1233.5994393296096,16.59943932960966
135,Truck41895,1002288,D,6.4,1222,1233.4023984808807,11.402398480880612
136,Truck41896,1002288,D,6.4,1227,1241.857212468384,14.8572124683839
137,Truck41897,1002288,D,6.4,1232,1242.0031919134583,10.003191913458183
138,Truck41898,1002288,D,6.4,1237,1252.3345783163422,15.334578316342133
139,Truck41899,1002288,D,6.4,1242,1252.7076035349567,10.707603534956636
140,Truck41900,1002288,D,6.4,1247,1257.8600849541506,10.860084954150537
141,Truck41901,1002288,D,6.4,1252,1264.7114109945985,12.711410994598436
142,Truck41902,1002288,D,6.4,1257,1273.2774319580383,16.27743195803838
143,Truck41903,1002288,D,6.4,1262,1274.5047963565955,12.504796356595591
144,Truck41904,1002288,D,6.4,1267,1282.4320199665506,15.432019966550653
145,Truck41905,1002288,D,6.4,1272,1283.2692454199353,11.269245419935155
146,Truck41906,1002288,D,6.4,1277,1287.2866407584443,10.286640758444227
147,Truck41907,1002288,D,6.4,1282,1296.1192911048734,14.119291104873449
148,Truck41908,1002288,D,6.4,1287,1301.1317490216336,14.131749021633546
149,Truck41909,1002288,D,6.4,1292,1307.0129698638434,15.012969863843484
150,Truck41910,1002288,D,6.4,1297,1309.3563277603016,12.356327760301545
151,Truck41911,1002288,D,6.4,1302,1315.087417689193,13.087417689192968
152,Truck41912,1002288,D,6.4,1307,1317.0080568414087,10.00805684140863
153,Truck41913,1002288,D,6.4,1312,1325.7578090027644,13.757809002764438
154,Truck41914,1002288,D,6.4,1317,1335.903447475941,18.903447475941014
155,Truck41915,1002288,D,6.4,1322,1339.6345638392972,17.634563839297286
156,Truck41916,1002288,D,6.4,1327,1346.7301669689891,19.73016696898918
157,Truck41917,1002288,D,6.4,1332,1345.796216129758,13.796216129758006
158,Truck41918,1002288,D,6.4,1337,1354.3838782990351,17.383878299035203
159,Truck41919,1002288,D,6.4,1342,1354.5278920913931,12.527892091393154
160,Truck41920,1002288,D,6.4,1347,1365.8219263012013,18.821926301201362
161,Truck41921,1002288,D,6.4,1352,1364.4374817184023,12.437481718402253
162,Truck41922,1002288,D,6.4,1357,1376.0435385101507,19.04353851015078
163,Truck41923,1002288,D,6.4,1362,1379.311820281646,17.311820281646
164,Truck41924,1002288,D,6.4,1367,1386.9811917782959,19.981191778295795
165,Truck41925,1002288,D,6.4,1372,1390.950209813836,18.950209813835983
166,Truck41926,1002288,D,6.4,1377,1390.1279818385608,13.127981838560911
167,Truck41927,1002288,D,6.4,1382,1401.0639784590833,19.063978459083366
168,Truck41928,1002288,D,6.4,1387,1399.8746222461261,12.874622246126162
169,Truck41929,1002288,D,6.4,1392,1402.3169763236049,10.316976323604937
170,Truck41930,1002288,D,6.4,1397,1414.16087469355,17.160874693550067
171,Truck41931,1002288,D,6.4,1402,1413.9911407714715,11.991140771471553
172,Truck41932,1002288,D,6.4,1407,1424.8575043026628,17.85750430266277
173,Truck41933,1002288,D,6.4,1412,1422.9160930831997,10.91609308319976
174,Truck41934,1002288,D,6.4,1417,1427.2665177650715,10.266517765071463
175,Truck41935,1002288,D,6.4,1422,1432.074824933658,10.07482493365789
176,Truck41936,1002288,D,6.4,1427,1439.2465437033584,12.246543703358292
177,Truck41937,1002288,D,6.4,1432,1442.6335578434466,10.633557843446596
178,Truck41938,1002288,D,6.4,1437,1455.7965346696872,18.79653466968726
179,Truck41939,1002288,D,6.4,1442,1458.7612855251582,16.7612855251582
180,Truck41940,1002288,D,6.4,1447,1464.8803158552762,17.88031585527628
181,Truck41941,1002288,D,6.4,1452,1469.592333141012,17.592333141011895
182,Truck41942,1002288,D,6.4,1457,1470.7496599199162,13.749659919916285
183,Truck41943,1002288,D,6.4,1462,1480.143139977395,18.143139977395006
184,Truck41944,1002288,D,6.4,1467,1484.3636829346876,17.363682934687574
185,Truck41945,1002288,D,6.4,1472,1482.9192930685374,10.919293068537478
186,Truck41946,1002288,D,6.4,1477,1489.5897616898246,12.589761689824652
187,Truck41947,1002288,D,6.4,1482,1492.3077903696098,10.307790369609789
188,Truck41948,1002288,D,6.4,1487,1503.5379587227794,16.53795872277942
189,Truck41949,1002288,D,6.4,1492,1508.2334281691058,16.23342816910584
190,Truck41950,1002288,D,6.4,1497,1507.8993111362818,10.89931113628177
191,Truck41951,1002288,D,6.4,1502,1516.846384897205,14.8463848972051
192,Truck41952,1002288,D,6.4,1507,1522.7984186281412,15.798418628141185
193,Truck41953,1002288,D,6.4,1512,1522.172128098349,10.172128098349082
194,Truck41954,1002288,D,6.4,1517,1532.2795699847075,15.279569984707383
195,Truck41955,1002288,D,6.4,1522,1540.7495841780812,18.74958417808123
196,Truck41956,1002288,D,6.4,1527,1541.7181420799282,14.718142079928217
197,Truck41957,1002288,D,6.4,1532,1546.3865812221143,14.386581222114282
198,Truck41958,1002288,D,6.4,1537,1556.1592814947292,19.15928149472912
199,Truck41959,1002288,D,6.4,1542,1558.8643859893793,16.86438598937943
200,Truck41960,1002288,D,6.4,1547,1559.6109601642072,12.61096016420729
201,Truck41961,1002288,D,6.4,1552,1567.013561413575,15.013561413574951
202,Truck41962,1002288,D,6.4,1557,1568.1206013188273,11.120601318827346
203,Truck41963,1002288,D,6.4,1562,1577.9053165450835,15.905316545083366
204,Truck41964,1002288,D,6.4,1567,1581.9965645787663,14.996564578766275
205,Truck41965,1002288,D,6.4,1572,1584.244265566114,12.244265566114166
206,Truck41966,1002288,D,6.4,1577,1594.8995791594266,17.899579159426544
207,Truck41967,1002288,D,6.4,1582,1596.542792158199,14.54279215819901
208,Truck41968,1002288,D,6.4,1587,1603.5809614879283,16.580961487928313
209,Truck41969,1002288,D,6.4,1592,1603.8163346853858,11.816334685385783
210,Truck41970,1002288,D,6.4,1597,1616.392117543602,19.39211754360194
211,Truck41971,1002288,D,6.4,1602,1614.9765505773112,12.976550577311201
212,Truck41972,1002288,D,6.4,1607,1621.7347750785184,14.73477507851839
213,Truck41973,1002288,D,6.4,1612,1626.3727865094725,14.372786509472537
214,Truck41974,1002288,D,6.4,1617,1627.2391312581701,10.23913125817007
215,Truck41975,1002288,D,6.4,1622,1640.7821949978015,18.78219499780144
216,Truck41976,1002288,D,6.4,1627,1639.2249292737454,12.224929273745357
217,Truck41977,1002288,D,6.4,1632,1647.0956473338852,15.095647333885108
218,Truck41978,1002288,D,6.4,1637,1647.4520271141685,10.45202711416856
219,Truck41979,1002288,D,6.4,1642,1656.5558497985696,14.555849798569676
220,Truck41980,1002288,D,6.4,1647,1663.663619951193,16.663619951192956
221,Truck41981,1002288,D,6.4,1652,1666.1677390190275,14.16773901902763
222,Truck41982,1002288,D,6.4,1657,1676.6837345362578,19.68373453625793
223,Truck41983,1002288,D,6.4,1662,1672.6993827871438,10.699382787143758
224,Truck41984,1002288,D,6.4,1667,1680.1367371684348,13.136737168434848
225,Truck41985,1002288,D,6.4,1672,1682.1679544748295,10.167954474829354
226,Truck41986,1002288,D,6.4,1677,1696.486711819134,19.486711819133927
227,Truck41987,1002288,D,6.4,1682,1698.9542742687481,16.95427426874822
228,Truck41988,1002288,D,6.4,1687,1698.0231676712335,11.023167671233608
229,Truck41989,1002288,D,6.4,1692,1708.5589513103866,16.55895131038656
230,Truck41990,1002288,D,6.4,1697,1713.4954899429656,16.495489942965584
231,Truck41991,1002288,D,6.4,1702,1719.5860748687755,17.58607486877551
232,Truck41992,1002288,D,6.4,1707,1717.6548528464564,10.65485284645648
233,Truck41993,1002288,D,6.4,1712,1723.5827492990625,11.58274929906247
234,Truck41994,1002288,D,6.4,1717,1733.470059546738,16.470059546738035
235,Truck41995,1002288,D,6.4,1722,1736.6690077239514,14.669007723951298
236,Truck41996,1002288,D,6.4,1727,1741.3957180480843,14.395718048084293
237,Truck41997,1002288,D,6.4,1732,1745.3717200471992,13.371720047199307
238,Truck41998,1002288,D,6.4,1737,1753.7771546168767,16.777154616876793
239,Truck41999,1002288,D,6.4,1742,1760.7325540231361,18.732554023136053
240,Truck42000,1002288,D,6.4,1747,1760.2502099590845,13.250209959084405
241,Truck42001,1002288,D,6.4,1752,1770.8412876968073,18.84128769680718
242,Truck42002,1002288,D,6.4,1757,1767.0942323065617,10.0942323065617
243,Truck42003,1002288,D,6.4,1762,1779.3626107379673,17.362610737967323
244,Truck42004,1002288,D,6.4,1767,1784.077039279811,17.077039279811135
245,Truck42005,1002288,D,6.4,1772,1783.2483801496899,11.248380149689787
246,Truck42006,1002288,D,6.4,1777,1794.3001594557102,17.30015945571015
247,Truck42007,1002288,D,6.4,1782,1799.0724776881293,17.072477688129332
248,Truck42008,1002288,D,6.4,1787,1800.6248317028383,13.624831702838293
249,Truck42009,1002288,D,6.4,1792,1811.8481602302472,19.848160230247178
250,Truck42010,1002288,D,6.4,1797,1807.918091730228,10.91809173022817
251,Truck42011,1002288,D,6.4,1802,1817.0841520809704,15.084152080970501
252,Truck42012,1002288,D,6.4,1807,1821.627472052919,14.627472052919089
253,Truck42013,1002288,D,6.4,1812,1831.7458195997776,19.74581959977769
254,Truck42014,1002288,D,6.4,1817,1830.1712618370493,13.171261837049254
255,Truck42015,1002288,D,6.4,1822,1838.716958204802,16.71695820480198
256,Truck42016,1002288,D,6.4,1827,1843.4449470711193,16.444947071119344
257,Truck42017,1002288,D,6.4,1832,1842.6148557401752,10.614855740175162
258,Truck42018,1002288,D,6.4,1837,1847.261975380531,10.261975380531204
259,Truck42019,1002288,D,6.4,1842,1859.0328850219792,17.032885021979148
260,Truck42020,1002288,D,6.4,1847,1857.9403807386097,10.94038073860965
261,Truck42021,1002288,D,6.4,1852,1865.2366278554289,13.236627855428853
262,Truck42022,1002288,D,6.4,1857,1874.9167804321653,17.91678043216529
263,Truck42023,1002288,D,6.4,1862,1873.0032247295565,11.003224729556374
264,Truck42024,1002288,D,6.4,1867,1885.5981200189099,18.598120018909768
265,Truck42025,1002288,D,6.4,1872,1888.6349238177193,16.634923817719294
266,Truck42026,1002288,D,6.4,1877,1892.3433091448974,15.343309144897471
267,Truck42027,1002288,D,6.4,1882,1898.2228984930332,16.222898493033163
268,Truck42028,1002288,D,6.4,1887,1905.3524651537978,18.352465153797702
269,Truck42029,1002288,D,6.4,1892,1908.0738567187586,16.073856718758652
270,Truck42030,1002288,D,6.4,1897,1916.8287960431746,19.8287960431747
271,Truck42031,1002288,D,6.4,1902,1919.8390232182235,17.839023218223552
272,Truck42032,1002288,D,6.4,1907,1923.442770676092,16.442770676092003
273,Truck42033,1002288,D,6.4,1912,1925.7187379489155,13.718737948915557
274,Truck42034,1002288,D,6.4,1917,1929.8357274725233,12.835727472523425
275,Truck42035,1002288,D,6.4,1922,1932.7359845661367,10.73598456613683
276,Truck42036,1002288,D,6.4,1927,1945.7564525201985,18.75645252019847
277,Truck42037,1002288,D,6.4,1932,1942.1437773049777,10.143777304977675
278,Truck42038,1002288,D,6.4,1937,1949.4421369800793,12.442136980079308
279,Truck42039,1002288,D,6.4,1942,1955.419398166375,13.419398166374968
280,Truck42040,1002288,D,6.4,1947,1957.8579671291843,10.857967129184386
281,Truck42041,1002288,D,6.4,1952,1962.6242449212518,10.624244921251893
282,Truck42042,1002288,D,6.4,1957,1975.8192827436828,18.81928274368274
283,Truck42043,1002288,D,6.4,1962,1976.1063563123814,14.106356312381456
284,Truck42044,1002288,D,6.4,1967,1983.3449587103516,16.344958710351563
285,Truck42045,1002288,D,6.4,1972,1984.1317202519783,12.131720251978361
286,Truck42046,1002288,D,6.4,1977,1987.1597235412212,10.159723541221274
287,Truck42047,1002288,D,6.4,1982,1993.8383077184228,11.83830771842271
288,Truck42048,1002288,D,6.4,1987,2002.140419278851,15.140419278850956
289,Truck42049,1002288,D,6.4,1992,2003.0534927028943,11.053492702894303
290,Truck42050,1002288,D,6.4,1997,2011.327286958708,14.32728695870803
291,Truck42051,1002288,D,6.4,2002,2013.405640604589,11.405640604589053
292,Truck42052,1002288,D,6.4,2007,2020.4817195819787,13.481719581978611
293,Truck42053,1002288,D,6.4,2012,2024.9142590965616,12.914259096561564
294,Truck42054,1002288,D,6.4,2017,2033.324001559038,16.32400155903796
295,Truck42055,1002288,D,6.4,2022,2036.360977656273,14.360977656273084
296,Truck42056,1002288,D,6.4,2027,2037.3282932981806,10.328293298180625
297,Truck42057,1002288,D,6.4,2032,2044.7942472411871,12.794247241187024
298,Truck42058,1002288,D,6.4,2037,2056.2713705967285,19.271370596728314
299,Truck42059,1002288,D,6.4,2042,2056.7814274897755,14.781427489775375
300,Truck42060,1002288,D,6.4,2047,2066.4589764923585,19.458976492358293
301,Truck42061,1002288,D,6.4,2052,2066.58545014925,14.585450149249759
302,Truck42062,1002288,D,6.4,2057,2069.8771624085052,12.877162408505008
303,Truck42063,1002288,D,6.4,2062,2072.9486271296687,10.948627129668795
304,Truck42064,1002288,D,6.4,2067,2086.5427544332065,19.542754433206554
305,Truck42065,1002288,D,6.4,2072,2082.509795626059,10.509795626058734
306,Truck42066,1002288,D,6.4,2077,2090.617264375696,13.617264375695992
307,Truck42067,1002288,D,6.4,2082,2100.7386859855987,18.738685985598572
308,Truck42068,1002288,D,6.4,2087,2101.3354421231384,14.335442123138385
309,Truck42069,1002288,D,6.4,2092,2104.54887248356,12.548872483560126
310,Truck42070,1002288,D,6.4,2097,2115.288833175262,18.288833175262134
311,Truck42071,1002288,D,6.4,2102,2121.15741373436,19.157413734360066
312,Truck42072,1002288,D,6.4,2107,2119.75883456711,12.758834567110092
313,Truck42073,1002288,D,6.4,2112,2125.8893755103563,13.889375510356196
314,Truck42074,1002288,D,6.4,2117,2131.979887955566,14.97988795556582
315,Truck42075,1002288,D,6.4,2122,2138.4148094050406,16.414809405040508
316,Truck42076,1002288,D,6.4,2127,2144.6740409329236,17.674040932923575
317,Truck42077,1002288,D,6.4,2132,2149.4672763104304,17.467276310430467
318,Truck42078,1002288,D,6.4,2137,2154.5289373630185,17.528937363018375
319,Truck42079,1002288,D,6.4,2142,2155.3427905890817,13.342790589081698
320,Truck42080,1002288,D,6.4,2147,2158.619580711331,11.61958071133104
321,Truck42081,1002288,D,6.4,2152,2162.7585990617704,10.75859906177045
322,Truck42082,1002288,D,6.4,2157,2171.223965382147,14.223965382147243
323,Truck42083,1002288,D,6.4,2162,2177.571599763454,15.571599763454058
324,Truck42084,1002288,D,6.4,2167,2179.0505700010117,12.050570001011547
325,Truck42085,1002288,D,6.4,2172,2191.014161107372,19.014161107371766
326,Truck42086,1002288,D,6.4,2177,2187.148116826285,10.14811682628472
327,Truck42087,1002288,D,6.4,2182,2195.705268666604,13.705268666604066
328,Truck42088,1002288,D,6.4,2187,2199.3095123408348,12.30951234083485
329,Truck42089,1002288,D,6.4,2192,2205.8177534594274,13.817753459427344
330,Truck42090,1002288,D,6.4,2197,2214.7460546156735,17.74605461567345
331,Truck42091,1002288,D,6.4,2202,2214.061508129519,12.061508129519233
332,Truck42092,1002288,D,6.4,2207,2223.8180366954243,16.81803669542428
333,Truck42093,1002288,D,6.4,2212,2226.5382662170477,14.53826621704774
334,Truck42094,1002288,D,6.4,2217,2231.312491231634,14.312491231633857
335,Truck42095,1002288,D,6.4,2222,2239.127825866995,17.127825866994755
336,Truck42096,1002288,D,6.4,2227,2239.3780253805303,12.378025380530431
337,Truck42097,1002288,D,6.4,2232,2251.0176452969476,19.01764529694754
338,Truck42098,1002288,D,6.4,2237,2252.281528447975,15.28152844797461
339,Truck42099,1002288,D,6.4,2242,2258.8029088220846,16.80290882208465
340,Truck42100,1002288,D,6.4,2247,2257.5143214286372,10.514321428637253
341,Truck42101,1002288,D,6.4,2252,2268.424925143006,16.424925143005915
342,Truck42102,1002288,D,6.4,2257,2273.2467999124037,16.246799912403908
343,Truck42103,1002288,D,6.4,2262,2277.6573806048564,15.657380604856392
344,Truck42104,1002288,D,6.4,2267,2286.0880326821434,19.088032682143503
345,Truck42105,1002288,D,6.4,2272,2285.344942264828,13.344942264828308
346,Truck42106,1002288,D,6.4,2277,2295.2435850167412,18.2435850167411
347,Truck42107,1002288,D,6.4,2282,2300.7937845713905,18.793784571390574
348,Truck42108,1002288,D,6.4,2287,2305.2539499900995,18.253949990099578
349,Truck42109,1002288,D,6.4,2292,2308.9463190165825,16.94631901658235
350,Truck42110,1002288,D,6.4,2297,2309.269373870802,12.269373870802323
351,Truck42111,1002288,D,6.4,2302,2315.928089378611,13.928089378610785
352,Truck42112,1002288,D,6.4,2307,2318.4146747564932,11.414674756493318
353,Truck42113,1002288,D,6.4,2312,2328.5120297847293,16.5120297847293
354,Truck42114,1002288,D,6.4,2317,2332.6824004832474,15.682400483247209
355,Truck42115,1002288,D,6.4,2322,2333.0657543177404,11.065754317740387
356,Truck42116,1002288,D,6.4,2327,2346.9779820625395,19.97798206253953
357,Truck42117,1002288,D,6.4,2332,2344.490475458425,12.490475458424848
358,Truck42118,1002288,D,6.4,2337,2355.838539916694,18.838539916694074
359,Truck42119,1002288,D,6.4,2342,2356.112415161597,14.112415161596896
360,Truck42120,1002288,D,6.4,2347,2361.093489600304,14.09348960030424
361,Truck42121,1002288,D,6.4,2352,2369.33528981022,17.335289810219685
362,Truck42122,1002288,D,6.4,2357,2370.592294739302,13.592294739301725
363,Truck42123,1002288,D,6.4,2362,2374.7387470353915,12.738747035391555
364,Truck42124,1002288,D,6.4,2367,2385.519109951002,18.519109951002044
365,Truck42125,1002288,D,6.4,2372,2382.8123762169334,10.812376216933574
366,Truck42126,1002288,D,6.4,2377,2394.750629988657,17.750629988656925
367,Truck42127,1002288,D,6.4,2382,2394.789554941097,12.78955494109686
368,Truck42128,1002288,D,6.4,2387,2399.800809420353,12.80080942035289
369,Truck42129,1002288,D,6.4,2392,2405.827567578207,13.827567578207098
370,Truck42130,1002288,D,6.4,2397,2407.286246902433,10.286246902432865
371,Truck42131,1002288,D,6.4,2402,2416.5423675969423,14.542367596942498
372,Truck42132,1002288,D,6.4,2407,2425.9325744408657,18.932574440865807
373,Truck42133,1002288,D,6.4,2412,2430.160615204277,18.160615204276674
374,Truck42134,1002288,D,6.4,2417,2434.0976605096216,17.09766050962159
375,Truck42135,1002288,D,6.4,2422,2434.2202161450973,12.220216145097497
376,Truck42136,1002288,D,6.4,2427,2443.105556170056,16.105556170056033
377,Truck42137,1002288,D,6.4,2432,2446.013303419023,14.013303419022897
378,Truck42138,1002288,D,6.4,2437,2453.049825711393,16.049825711393332
379,Truck42139,1002288,D,6.4,2442,2460.612176425079,18.612176425078644
380,Truck42140,1002288,D,6.4,2447,2465.9876766041866,18.987676604186717
381,Truck42141,1002288,D,6.4,2452,2465.6268557404273,13.626855740427342
382,Truck42142,1002288,D,6.4,2457,2472.3622095468836,15.362209546883548
383,Truck42143,1002288,D,6.4,2462,2476.564585702223,14.564585702223033
384,Truck42144,1002288,D,6.4,2467,2484.8446588660627,17.844658866062545
385,Truck42145,1002288,D,6.4,2472,2489.292720833565,17.29272083356487
386,Truck42146,1002288,D,6.4,2477,2489.510836084236,12.510836084236074
387,Truck42147,1002288,D,6.4,2482,2495.186441524739,13.186441524739307
388,Truck42148,1002288,D,6.4,2487,2506.95488432117,19.954884321169892
389,Truck42149,1002288,D,6.4,2492,2510.6598413449674,18.659841344967447
390,Truck42150,1002288,D,6.4,2497,2512.8580002325016,15.85800023250142
391,Truck42151,1002288,D,6.4,2502,2517.4920083621964,15.492008362196563
392,Truck42152,1002288,D,6.4,2507,2519.854092965493,12.854092965492965
393,Truck42153,1002288,D,6.4,2512,2529.609295423838,17.60929542383783
394,Truck42154,1002288,D,6.4,2517,2536.5673915277403,19.56739152774017
395,Truck42155,1002288,D,6.4,2522,2533.839071856652,11.839071856652241
396,Truck42156,1002288,D,6.4,2527,2538.8521321650996,11.85213216509981
397,Truck42157,1002288,D,6.4,2532,2542.7777652145637,10.777765214563498
398,Truck42158,1002288,D,6.4,2537,2553.4699042688417,16.469904268841827
399,Truck42159,1002288,D,6.4,2542,2558.8119480719693,16.811948071969084
400,Truck42160,1002288,D,6.4,2547,2561.2777839237883,14.277783923788109
401,Truck42161,1002288,D,6.4,2552,2566.1415030714643,14.141503071464184
402,Truck42162,1002288,D,6.4,2557,2569.955529008005,12.955529008005271
403,Truck42163,1002288,D,6.4,2562,2572.4958437982154,10.495843798215382
404,Truck42164,1002288,D,6.4,2567,2582.52801743039,15.528017430389834
405,Truck42165,1002288,D,6.4,2572,2584.038774804429,12.038774804429085
406,Truck42166,1002288,D,6.4,2577,2587.850317519239,10.850317519239223
407,Truck42167,1002288,D,6.4,2582,2599.8381090738526,17.838109073852742
408,Truck42168,1002288,D,6.4,2587,2597.4309391092293,10.43093910922931
409,Truck42169,1002288,D,6.4,2592,2609.8195720063045,17.819572006304526
410,Truck42170,1002288,D,6.4,2597,2607.278454370883,10.278454370882974
411,Truck42171,1002288,D,6.4,2602,2619.002707131732,17.002707131732123
412,Truck42172,1002288,D,6.4,2607,2617.272743088562,10.272743088561981
413,Truck42173,1002288,D,6.4,2612,2628.2880437620925,16.288043762092634
414,Truck42174,1002288,D,6.4,2617,2636.391290939228,19.391290939227947
415,Truck42175,1002288,D,6.4,2622,2637.7874954103577,15.787495410357868
416,Truck42176,1002288,D,6.4,2627,2642.0067248979685,15.006724897968404
417,Truck42177,1002288,D,6.4,2632,2647.7296202103257,15.729620210325827
418,Truck42178,1002288,D,6.4,2637,2653.588272965673,16.588272965672818
419,Truck42179,1002288,D,6.4,2642,2654.0333939188267,12.033393918826714
420,Truck42180,1002288,D,6.4,2647,2659.092159252792,12.092159252791845
421,Truck42181,1002288,D,6.4,2652,2663.1861801607124,11.186180160712318
422,Truck42182,1002288,D,6.4,2657,2674.5141800637994,17.514180063799497
423,Truck42183,1002288,D,6.4,2662,2674.50707773073,12.507077730730115
424,Truck42184,1002288,D,6.4,2667,2685.8422882949126,18.842288294912727
425,Truck42185,1002288,D,6.4,2672,2690.304455123411,18.30445512341122
426,Truck42186,1002288,D,6.4,2677,2694.09211391868,17.092113918679956
427,Truck42187,1002288,D,6.4,2682,2697.183488930069,15.183488930069057
428,Truck42188,1002288,D,6.4,2687,2706.8601021813047,19.86010218130483
429,Truck42189,1002288,D,6.4,2692,2702.3445249703977,10.344524970397538
430,Truck42190,1002288,D,6.4,2697,2714.145534086748,17.145534086747713
431,Truck42191,1002288,D,6.4,2702,2719.2089982002617,17.208998200261597
432,Truck42192,1002288,D,6.4,2707,2725.466253905268,18.466253905267912
433,Truck42193,1002288,D,6.4,2712,2730.503361526695,18.50336152669498
434,Truck42194,1002288,D,6.4,2717,2729.994862995306,12.99486299530616
435,Truck42195,1002288,D,6.4,2722,2733.82131757722,11.821317577219633
436,Truck42196,1002288,D,6.4,2727,2746.0544672451215,19.05446724512146
437,Truck42197,1002288,D,6.4,2732,2742.4104777724833,10.41047777248338
438,Truck42198,1002288,D,6.4,2737,2753.0941368579765,16.094136857976412
439,Truck42199,1002288,D,6.4,2742,2759.6056447603964,17.60564476039645
440,Truck42200,1002288,D,6.4,2747,2763.590948511352,16.59094851135191
441,Truck42201,1002288,D,6.4,2752,2767.453855602252,15.453855602252045
442,Truck42202,1002288,D,6.4,2757,2770.1785740008163,13.178574000816099
443,Truck42203,1002288,D,6.4,2762,2775.903436878509,13.90343687850928
444,Truck42204,1002288,D,6.4,2767,2777.914903851195,10.914903851195085
445,Truck42205,1002288,D,6.4,2772,2786.002058211706,14.002058211705927
446,Truck42206,1002288,D,6.4,2777,2788.4675682426964,11.46756824269644
447,Truck42207,1002288,D,6.4,2782,2799.9921537495557,17.992153749555754
448,Truck42208,1002288,D,6.4,2787,2801.1838019318216,14.18380193182151
449,Truck42209,1002288,D,6.4,2792,2808.518726801725,16.51872680172466
450,Truck42210,1002288,D,6.4,2797,2816.251216701311,19.251216701310994
451,Truck42211,1002288,D,6.4,2802,2820.8896213328735,18.889621332873645
452,Truck42212,1002288,D,6.4,2807,2819.17317045248,12.173170452480079
453,Truck42213,1002288,D,6.4,2812,2822.972226889494,10.972226889493694
454,Truck42214,1002288,D,6.4,2817,2832.983723225183,15.983723225183043
455,Truck42215,1002288,D,6.4,2822,2834.6230625065773,12.623062506577106
456,Truck42216,1002288,D,6.4,2827,2837.261441385245,10.261441385244956
457,Truck42217,1002288,D,6.4,2832,2848.303315512003,16.30331551200301
458,Truck42218,1002288,D,6.4,2837,2855.3074587006154,18.30745870061532
459,Truck42219,1002288,D,6.4,2842,2861.7628099783947,19.762809978394866
460,Truck42220,1002288,D,6.4,2847,2857.484148914518,10.484148914518025
461,Truck42221,1002288,D,6.4,2852,2864.1136744689557,12.113674468955448
462,Truck42222,1002288,D,6.4,2857,2867.1721355818904,10.172135581890247
463,Truck42223,1002288,D,6.4,2862,2879.9902771605985,17.990277160598254
464,Truck42224,1002288,D,6.4,2867,2886.623417106701,19.623417106700636
465,Truck42225,1002288,D,6.4,2872,2885.135061470777,13.135061470776922
466,Truck42226,1002288,D,6.4,2877,2889.2837023788,12.283702378800232
467,Truck42227,1002288,D,6.4,2882,2898.2137345662754,16.21373456627526
468,Truck42228,1002288,D,6.4,2887,2897.0516891416128,10.051689141612991
469,Truck42229,1002288,D,6.4,2892,2911.0230592648754,19.023059264875545
470,Truck42230,1002288,D,6.4,2897,2915.7072339642436,18.707233964243784
471,Truck42231,1002288,D,6.4,2902,2921.021839617874,19.02183961787381
472,Truck42232,1002288,D,6.4,2907,2926.9803807164503,19.980380716450174
473,Truck42233,1002288,D,6.4,2912,2930.6267929207547,18.626792920754795
474,Truck42234,1002288,D,6.4,2917,2929.9131895029236,12.91318950292348
475,Truck42235,1002288,D,6.4,2922,2934.777773857504,12.777773857504126
476,Truck42236,1002288,D,6.4,2927,2938.3332591477106,11.333259147710402
477,Truck42237,1002288,D,6.4,2932,2945.1270521943497,13.127052194349826
478,Truck42238,1002288,D,6.4,2937,2953.3796387016037,16.379638701603643
479,Truck42239,1002288,D,6.4,2942,2957.7858744348396,15.785874434839698
480,Truck42240,1002288,D,6.4,2947,2964.9506260550256,17.95062605502578
481,Truck42241,1002288,D,6.4,2952,2962.8051740870146,10.805174087014644
482,Truck42242,1002288,D,6.4,2957,2975.3559550740183,18.355955074018528
483,Truck42243,1002288,D,6.4,2962,2980.5954753534634,18.59547535346332
484,Truck42244,1002288,D,6.4,2967,2984.494430597171,17.494430597170712
485,Truck42245,1002288,D,6.4,2972,2988.074318713029,16.07431871302901
486,Truck42246,1002288,D,6.4,2977,2992.5070887668667,15.507088766866612
487,Truck42247,1002288,D,6.4,2982,3001.214972576893,19.214972576893125
488,Truck42248,1002288,D,6.4,2987,3000.1094011134505,13.10940111345062
489,Truck42249,1002288,D,6.4,2992,3009.848539430745,17.848539430744857
490,Truck42250,1002288,D,6.4,2997,3010.4340616872846,13.434061687284391
491,Truck42251,1002288,D,6.4,3002,3021.7972188267954,19.797218826795294
492,Truck42252,1002288,D,6.4,3007,3026.4879641170032,19.48796411700326
493,Truck42253,1002288,D,6.4,3012,3022.111689156543,10.111689156543088
494,Truck42254,1002288,D,6.4,3017,3034.35239548153,17.352395481529914
495,Truck42255,1002288,D,6.4,3022,3038.142147323893,16.14214732389284
496,Truck42256,1002288,D,6.4,3027,3038.614795742703,11.614795742702901
497,Truck42257,1002288,D,6.4,3032,3050.6451745919753,18.645174591975508
498,Truck42258,1002288,D,6.4,3037,3048.320224946684,11.320224946683958
499,Truck42259,1002288,D,6.4,3042,3061.693285181455,19.693285181454947
500,Truck42260,1002288,D,6.4,3047,3064.089473973315,17.089473973314718
501,Truck42261,1002288,D,6.4,3052,3070.9429176089966,18.942917608996538
502,Truck42262,1002288,D,6.4,3057,3068.8225453814734,11.822545381473581
503,Truck42263,1002288,D,6.4,3062,3077.95521953771,15.955219537710166
504,Truck42264,1002288,D,6.4,3067,3078.526788600587,11.526788600587015
505,Truck42265,1002288,D,6.4,3072,3090.1914917066783,18.191491706678192
506,Truck42266,1002288,D,6.4,3077,3093.3888232281347,16.388823228134875
507,Truck42267,1002288,D,6.4,3082,3096.0604602658686,14.060460265868844
508,Truck42268,1002288,D,6.4,3087,3102.0558736669504,15.055873666950353
509,Truck42269,1002288,D,6.4,3092,3111.1092944165107,19.10929441651063
510,Truck42270,1002288,D,6.4,3097,3109.236139554462,12.236139554462241
511,Truck42271,1002288,D,6.4,3102,3112.1931279739474,10.193127973947233
512,Truck42272,1002288,D,6.4,3107,3119.7783375704794,12.778337570479447
513,Truck42273,1002288,D,6.4,3112,3128.352146753204,16.352146753204003
514,Truck42274,1002288,D,6.4,3117,3135.2951462903225,18.29514629032255
515,Truck42275,1002288,D,6.4,3122,3135.860007772649,13.860007772649018
516,Truck42276,1002288,D,6.4,3127,3137.8221204749525,10.822120474952508
517,Truck42277,1002288,D,6.4,3132,3144.391543676066,12.391543676065838
518,Truck42278,1002288,D,6.4,3137,3151.4927759609127,14.492775960912498
519,Truck42279,1002288,D,6.4,3142,3161.793352664563,19.79335266456294
520,Truck42280,1002288,D,6.4,3147,3161.852288563907,14.85228856390719
521,Truck42281,1002288,D,6.4,3152,3169.8591846812874,17.859184681287225
522,Truck42282,1002288,D,6.4,3157,3172.1171890669884,15.117189066988436
523,Truck42283,1002288,D,6.4,3162,3175.019120526841,13.019120526841164
524,Truck42284,1002288,D,6.4,3167,3186.857394961573,19.857394961572943
525,Truck42285,1002288,D,6.4,3172,3183.443803303018,11.44380330301769
526,Truck42286,1002288,D,6.4,3177,3194.6166158893143,17.616615889314488
527,Truck42287,1002288,D,6.4,3182,3200.298536652526,18.298536652525932
528,Truck42288,1002288,D,6.4,3187,3197.1423634248304,10.142363424830496
529,Truck42289,1002288,D,6.4,3192,3205.95194882963,13.951948829629888
530,Truck42290,1002288,D,6.4,3197,3209.0986523597867,12.098652359786675
531,Truck42291,1002288,D,6.4,3202,3220.4473586738986,18.447358673898467
532,Truck42292,1002288,D,6.4,3207,3224.9686389555877,17.96863895558758
533,Truck42293,1002288,D,6.4,3212,3231.5339996971566,19.533999697156624
534,Truck42294,1002288,D,6.4,3217,3233.5466391678206,16.546639167820704
535,Truck42295,1002288,D,6.4,3222,3233.5412176895725,11.541217689572454
536,Truck42296,1002288,D,6.4,3227,3241.4516367765164,14.451636776516347
537,Truck42297,1002288,D,6.4,3232,3250.009420519159,18.009420519158795
538,Truck42298,1002288,D,6.4,3237,3255.8617370120287,18.861737012028676
539,Truck42299,1002288,D,6.4,3242,3256.4557778025587,14.455777802558803
540,Truck42300,1002288,D,6.4,3247,3257.3412883433803,10.34128834338014
541,Truck42301,1002288,D,6.4,3252,3267.222280915644,15.22228091564407
542,Truck42302,1002288,D,6.4,3257,3268.257868831873,11.257868831872898
543,Truck42303,1002288,D,6.4,3262,3275.438377929862,13.438377929861888
544,Truck42304,1002288,D,6.4,3267,3286.946077073528,19.946077073528343
545,Truck42305,1002288,D,6.4,3272,3289.370141030622,17.370141030621912
546,Truck42306,1002288,D,6.4,3277,3289.7241066530646,12.724106653064604
547,Truck42307,1002288,D,6.4,3282,3296.7812576029155,14.78125760291553
548,Truck42308,1002288,D,6.4,3287,3299.7621784428698,12.762178442869768
549,Truck42309,1002288,D,6.4,3292,3307.344680642466,15.344680642465876
550,Truck42310,1002288,D,6.4,3297,3308.1625931601184,11.16259316011815
551,Truck42311,1002288,D,6.4,3302,3318.6925735006703,16.692573500670335
552,Truck42312,1002288,D,6.4,3307,3318.1783252257424,11.178325225742467
553,Truck42313,1002288,D,6.4,3312,3324.441564313624,12.44156431362397
554,Truck42314,1002288,D,6.4,3317,3334.334082508153,17.334082508153145
555,Truck42315,1002288,D,6.4,3322,3334.0469039284776,12.046903928477748
556,Truck42316,1002288,D,6.4,3327,3341.251972695404,14.251972695404334
557,Truck42317,1002288,D,6.4,3332,3347.5341827422653,15.534182742265292
558,Truck42318,1002288,D,6.4,3337,3347.411869533423,10.411869533423296
559,Truck42319,1002288,D,6.4,3342,3352.4909261491457,10.490926149145594
560,Truck42320,1002288,D,6.4,3347,3363.2946771028032,16.294677102803146
561,Truck42321,1002288,D,6.4,3352,3371.70981528251,19.709815282510153
562,Truck42322,1002288,D,6.4,3357,3371.817643566294,14.817643566293869
563,Truck42323,1002288,D,6.4,3362,3381.268245901352,19.268245901352252
564,Truck42324,1002288,D,6.4,3367,3381.075291735357,14.07529173535717
565,Truck42325,1002288,D,6.4,3372,3383.1821246702593,11.18212467025929
566,Truck42326,1002288,D,6.4,3377,3392.4636672899733,15.463667289973396
567,Truck42327,1002288,D,6.4,3382,3398.069147212663,16.06914721266326
568,Truck42328,1002288,D,6.4,3387,3403.1667339309693,16.16673393096916
569,Truck42329,1002288,D,6.4,3392,3410.0978420946158,18.097842094615835
570,Truck42330,1002288,D,6.4,3397,3411.2438924089065,14.243892408906362
571,Truck42331,1002288,D,6.4,3402,3418.8961852889383,16.896185288938437
572,Truck42332,1002288,D,6.4,3407,3425.2652580344875,18.265258034487353
573,Truck42333,1002288,D,6.4,3412,3431.7719705347845,19.77197053478444
574,Truck42334,1002288,D,6.4,3417,3431.8485683611725,14.84856836117242
575,Truck42335,1002288,D,6.4,3422,3437.4980104446126,15.498010444612532
576,Truck42336,1002288,D,6.4,3427,3438.031755132604,11.031755132603703
577,Truck42337,1002288,D,6.4,3432,3446.6971321893197,14.697132189319957
578,Truck42338,1002288,D,6.4,3437,3452.875507898135,15.875507898135002
579,Truck42339,1002288,D,6.4,3442,3456.727632260324,14.727632260324071
580,Truck42340,1002288,D,6.4,3447,3460.7642193586976,13.764219358697753
581,Truck42341,1002288,D,6.4,3452,3467.1955255237854,15.195525523785506
582,Truck42342,1002288,D,6.4,3457,3469.2998816695945,12.299881669594352
583,Truck42343,1002288,D,6.4,3462,3476.0752141263456,14.075214126345603
584,Truck42344,1002288,D,6.4,3467,3481.2280232495036,14.228023249503668
585,Truck42345,1002288,D,6.4,3472,3487.3019054560377,15.301905456037955
586,Truck42346,1002288,D,6.4,3477,3494.598826888076,17.598826888076154
587,Truck42347,1002288,D,6.4,3482,3498.4699010723007,16.4699010723005
588,Truck42348,1002288,D,6.4,3487,3498.8572373632273,11.857237363227156
589,Truck42349,1002288,D,6.4,3492,3510.0978783329274,18.097878332927486
590,Truck42350,1002288,D,6.4,3497,3516.4346184702536,19.43461847025365
591,Truck42351,1002288,D,6.4,3502,3516.9104107204175,14.91041072041763
592,Truck42352,1002288,D,6.4,3507,3522.5881002458646,15.588100245864602
593,Truck42353,1002288,D,6.4,3512,3527.6911109957364,15.691110995736576
594,Truck42354,1002288,D,6.4,3517,3531.430069412856,14.430069412855964
595,Truck42355,1002288,D,6.4,3522,3532.085843599709,10.085843599708882
596,Truck42356,1002288,D,6.4,3527,3546.8568732748345,19.85687327483445
597,Truck42357,1002288,D,6.4,3532,3547.488722230768,15.48872223076817
598,Truck42358,1002288,D,6.4,3537,3550.3722749892036,13.372274989203417
599,Truck42359,1002288,D,6.4,3542,3559.168814182437,17.16881418243698
600,Truck42360,1002288,D,6.4,3547,3563.880358065464,16.88035806546379
601,Truck42361,1002288,D,6.4,3552,3569.177778461307,17.177778461306943
602,Truck42362,1002288,D,6.4,3557,3570.947817648188,13.94781764818806
603,Truck42363,1002288,D,6.4,3562,3574.3683828235835,12.368382823583639
604,Truck42364,1002288,D,6.4,3567,3578.5334845899065,11.533484589906388
605,Truck42365,1002288,D,6.4,3572,3585.8635250272046,13.863525027204748
606,Truck42366,1002288,D,6.4,3577,3590.507966401871,13.50796640187086
607,Truck42367,1002288,D,6.4,3582,3601.4570649397947,19.457064939794787
608,Truck42368,1002288,D,6.4,3587,3602.7053067993597,15.705306799359745
609,Truck42369,1002288,D,6.4,3592,3608.490943290026,16.490943290025957
610,Truck42370,1002288,D,6.4,3597,3615.2023950082025,18.20239500820233
611,Truck42371,1002288,D,6.4,3602,3618.265452001679,16.26545200167889
612,Truck42372,1002288,D,6.4,3607,3625.8488233408716,18.848823340871615
613,Truck42373,1002288,D,6.4,3612,3629.580262435504,17.58026243550428
614,Truck42374,1002288,D,6.4,3617,3629.8458371861766,12.845837186176759
615,Truck42375,1002288,D,6.4,3622,3641.8905339858534,19.890533985853583
616,Truck42376,1002288,D,6.4,3627,3646.279578491244,19.279578491244106
617,Truck42377,1002288,D,6.4,3632,3650.8859302363967,18.88593023639674
618,Truck42378,1002288,D,6.4,3637,3649.1027824967946,12.102782496794536
619,Truck42379,1002288,D,6.4,3642,3656.5529578496285,14.552957849628463
620,Truck42380,1002288,D,6.4,3647,3662.0394195921504,15.039419592150306
621,Truck42381,1002288,D,6.4,3652,3669.4547695093465,17.454769509346505
622,Truck42382,1002288,D,6.4,3657,3672.352043448862,15.352043448861792
623,Truck42383,1002288,D,6.4,3662,3672.04160721275,10.041607212749822
624,Truck42384,1002288,D,6.4,3667,3686.0199048321024,19.01990483210216
625,Truck42385,1002288,D,6.4,3672,3688.450871104908,16.450871104908035
626,Truck42386,1002288,D,6.4,3677,3693.591955177166,16.591955177165993
627,Truck42387,1002288,D,6.4,3682,3700.2450714562406,18.245071456240677
628,Truck42388,1002288,D,6.4,3687,3698.8468029266837,11.846802926683653
629,Truck42389,1002288,D,6.4,3692,3711.2283656233003,19.22836562330041
630,Truck42390,1002288,D,6.4,3697,3714.3933040223483,17.393304022348055
631,Truck42391,1002288,D,6.4,3702,3721.7082293829612,19.708229382961164
632,Truck42392,1002288,D,6.4,3707,3722.1822329052657,15.18223290526553
633,Truck42393,1002288,D,6.4,3712,3731.1814654749614,19.181465474961353
634,Truck42394,1002288,D,6.4,3717,3731.5055638820163,14.505563882016219
635,Truck42395,1002288,D,6.4,3722,3740.793956580079,18.79395658007882
636,Truck42396,1002288,D,6.4,3727,3744.0966883515925,17.09668835159253
637,Truck42397,1002288,D,6.4,3732,3747.7964663843395,15.796466384339722
638,Truck42398,1002288,D,6.4,3737,3754.213444079791,17.213444079790765
639,Truck42399,1002288,D,6.4,3742,3760.4422154023237,18.44221540232347
640,Truck42400,1002288,D,6.4,3747,3758.490294007425,11.490294007424753
641,Truck42401,1002288,D,6.4,3752,3763.5487389668483,11.548738966848305
642,Truck42402,1002288,D,6.4,3757,3771.000180724222,14.00018072422181
643,Truck42403,1002288,D,6.4,3762,3773.9721271283156,11.972127128315774
644,Truck42404,1002288,D,6.4,3767,3777.2942039371983,10.294203937198242
645,Truck42405,1002288,D,6.4,3772,3783.096765611209,11.096765611208657
646,Truck42406,1002288,D,6.4,3777,3795.0356310639204,18.0356310639202
647,Truck42407,1002288,D,6.4,3782,3798.68160759083,16.68160759082983
648,Truck42408,1002288,D,6.4,3787,3806.6845410178266,19.684541017826856
649,Truck42409,1002288,D,6.4,3792,3809.293934345541,17.29393434554095
650,Truck42410,1002288,D,6.4,3797,3809.640682334962,12.640682334962037
651,Truck42411,1002288,D,6.4,3802,3812.3732233545884,10.373223354588179
652,Truck42412,1002288,D,6.4,3807,3824.0544949333157,17.054494933315553
653,Truck42413,1002288,D,6.4,3812,3829.5435540894437,17.54355408944376
654,Truck42414,1002288,D,6.4,3817,3834.9507323881767,17.950732388176846
655,Truck42415,1002288,D,6.4,3822,3833.0942487205875,11.094248720587323
656,Truck42416,1002288,D,6.4,3827,3845.337476580934,18.337476580933828
657,Truck42417,1002288,D,6.4,3832,3844.393568055141,12.393568055140799
658,Truck42418,1002288,D,6.4,3837,3856.389688493285,19.389688493285234
659,Truck42419,1002288,D,6.4,3842,3856.0223528869874,14.022352886987605
660,Truck42420,1002288,D,6.4,3847,3860.6469558289245,13.64695582892433
661,Truck42421,1002288,D,6.4,3852,3865.0569738468225,13.056973846822581
662,Truck42422,1002288,D,6.4,3857,3867.056668500312,10.056668500311654
663,Truck42423,1002288,D,6.4,3862,3879.5563101201915,17.556310120191327
664,Truck42424,1002288,D,6.4,3867,3879.8670756366846,12.86707563668455
665,Truck42425,1002288,D,6.4,3872,3886.906801142745,14.90680114274479
666,Truck42426,1002288,D,6.4,3877,3893.0928082161367,16.09280821613691
667,Truck42427,1002288,D,6.4,3882,3895.410930871364,13.410930871364098
668,Truck42428,1002288,D,6.4,3887,3903.378481047647,16.378481047647
669,Truck42429,1002288,D,6.4,3892,3909.9683393598357,17.968339359835603
670,Truck42430,1002288,D,6.4,3897,3916.3828584374223,19.382858437422314
671,Truck42431,1002288,D,6.4,3902,3913.5400193775795,11.540019377579494
672,Truck42432,1002288,D,6.4,3907,3918.980959125764,11.980959125763992
673,Truck42433,1002288,D,6.4,3912,3924.915035501244,12.915035501243679
674,Truck42434,1002288,D,6.4,3917,3928.033557378895,11.03355737889485
675,Truck42435,1002288,D,6.4,3922,3933.2951080666694,11.295108066669554
676,Truck42436,1002288,D,6.4,3927,3940.245226738164,13.245226738164218
677,Truck42437,1002288,D,6.4,3932,3950.352818208011,18.352818208010703
678,Truck42438,1002288,D,6.4,3937,3956.4371254478783,19.437125447878262
679,Truck42439,1002288,D,6.4,3942,3957.873148759531,15.873148759531013
680,Truck42440,1002288,D,6.4,3947,3965.6084161178655,18.608416117865747
681,Truck42441,1002288,D,6.4,3952,3967.11099197156,15.110991971559944
682,Truck42442,1002288,D,6.4,3957,3974.3628912719846,17.362891271984722
683,Truck42443,1002288,D,6.4,3962,3979.8811076828456,17.881107682845567
684,Truck42444,1002288,D,6.4,3967,3980.023372731575,13.023372731574785
685,Truck42445,1002288,D,6.4,3972,3991.0323301558697,19.03233015586966
686,Truck42446,1002288,D,6.4,3977,3995.8275463589544,18.827546358954372
687,Truck42447,1002288,D,6.4,3982,3995.935571010852,13.935571010852208
688,Truck42448,1002288,D,6.4,3987,4003.3456716446285,16.34567164462834
689,Truck42449,1002288,D,6.4,3992,4010.9921398320766,18.99213983207644
690,Truck42450,1002288,D,6.4,3997,4016.061170831564,19.061170831564123
691,Truck42451,1002288,D,6.4,4002,4020.618820650098,18.618820650097902
692,Truck42452,1002288,D,6.4,4007,4026.8939169434325,19.893916943432615
693,Truck42453,1002288,D,6.4,4012,4029.709936963733,17.709936963733085
694,Truck42454,1002288,D,6.4,4017,4034.917828177142,17.917828177141853
695,Truck42455,1002288,D,6.4,4022,4040.4014325226194,18.401432522619213
696,Truck42456,1002288,D,6.4,4027,4040.069991805572,13.069991805572256
697,Truck42457,1002288,D,6.4,4032,4049.753836350787,17.75383635078676
698,Truck42458,1002288,D,6.4,4037,4056.820592512264,19.820592512264017
699,Truck42459,1002288,D,6.4,4042,4059.5744337168917,17.57443371689157
700,Truck42460,1002288,D,6.4,4047,4065.157856328914,18.15785632891387
701,Truck42461,1002288,D,6.4,4052,4063.165356555491,11.165356555491048
702,Truck42462,1002288,D,6.4,4057,4072.6545613982794,15.65456139827921
703,Truck42463,1002288,D,6.4,4062,4078.0744108096164,16.074410809616563
704,Truck42464,1002288,D,6.4,4067,4080.531858374583,13.531858374582905
705,Truck42465,1002288,D,6.4,4072,4088.5338753912206,16.533875391220555
706,Truck42466,1002288,D,6.4,4077,4091.6611133636675,14.661113363667358
707,Truck42467,1002288,D,6.4,4082,4101.947620357562,19.94762035756234
708,Truck42468,1002288,D,6.4,4087,4105.792507332717,18.792507332716504
709,Truck42469,1002288,D,6.4,4092,4111.7119094740265,19.71190947402655
710,Truck42470,1002288,D,6.4,4097,4114.633016157201,17.63301615720146
711,Truck42471,1002288,D,6.4,4102,4120.546057835372,18.5460578353724
712,Truck42472,1002288,D,6.4,4107,4125.435366997601,18.435366997601168
713,Truck42473,1002288,D,6.4,4112,4130.912556679835,18.912556679834907
714,Truck42474,1002288,D,6.4,4117,4131.622586959086,14.622586959086409
715,Truck42475,1002288,D,6.4,4122,4141.428899745717,19.428899745716954
716,Truck42476,1002288,D,6.4,4127,4144.918505901686,17.918505901685936
717,Truck42477,1002288,D,6.4,4132,4144.733871500089,12.733871500088524
718,Truck42478,1002288,D,6.4,4137,4151.05266745429,14.052667454290066
719,Truck42479,1002288,D,6.4,4142,4157.675293824088,15.675293824087735
720,Truck42480,1002288,D,6.4,4147,4162.794112275105,15.79411227510562
721,Truck42481,1002288,D,6.4,4152,4168.832441318212,16.832441318211647
722,Truck42482,1002288,D,6.4,4157,4176.468645347107,19.468645347106754
723,Truck42483,1002288,D,6.4,4162,4179.969832391249,17.969832391248794
724,Truck42484,1002288,D,6.4,4167,4186.152636439767,19.15263643976658
725,Truck42485,1002288,D,6.4,4172,4190.846032745041,18.846032745041533
726,Truck42486,1002288,D,6.4,4177,4193.627640357326,16.627640357325713
727,Truck42487,1002288,D,6.4,4182,4197.127702685431,15.127702685431002
728,Truck42488,1002288,D,6.4,4187,4197.686193080712,10.686193080712066
729,Truck42489,1002288,D,6.4,4192,4208.725010704954,16.725010704953796
730,Truck42490,1002288,D,6.4,4197,4209.888517943128,12.888517943127724
731,Truck42491,1002288,D,6.4,4202,4218.283440802961,16.28344080296096
732,Truck42492,1002288,D,6.4,4207,4223.384175888469,16.384175888469283
733,Truck42493,1002288,D,6.4,4212,4227.769070401654,15.769070401653737
734,Truck42494,1002288,D,6.4,4217,4232.738587254502,15.73858725450168
735,Truck42495,1002288,D,6.4,4222,4237.998135618812,15.998135618812244
736,Truck42496,1002288,D,6.4,4227,4238.502706039267,11.502706039266892
737,Truck42497,1002288,D,6.4,4232,4248.618346039992,16.618346039991444
738,Truck42498,1002288,D,6.4,4237,4247.758063821948,10.758063821947605
739,Truck42499,1002288,D,6.4,4242,4256.88075729853,14.880757298530108
740,Truck42500,1002288,D,6.4,4247,4266.106345629126,19.106345629125435
741,Truck42501,1002288,D,6.4,4252,4262.380947770263,10.380947770263068
742,Truck42502,1002288,D,6.4,4257,4274.425690571578,17.425690571578507
743,Truck42503,1002288,D,6.4,4262,4277.192318055731,15.192318055731317
744,Truck42504,1002288,D,6.4,4267,4280.997702882592,13.99770288259216
745,Truck42505,1002288,D,6.4,4272,4287.351180446519,15.351180446518896
746,Truck42506,1002288,D,6.4,4277,4295.443209124283,18.443209124283577
747,Truck42507,1002288,D,6.4,4282,4294.93091176731,12.930911767309807
748,Truck42508,1002288,D,6.4,4287,4303.591239944197,16.591239944197074
749,Truck42509,1002288,D,6.4,4292,4309.975559861233,17.975559861233023
750,Truck42510,1002288,D,6.4,4297,4311.995447869145,14.995447869144968
751,Truck42511,1002288,D,6.4,4302,4319.981395960016,17.981395960016414
752,Truck42512,1002288,D,6.4,4307,4323.987363516042,16.98736351604213
753,Truck42513,1002288,D,6.4,4312,4330.15353902832,18.153539028319408
754,Truck42514,1002288,D,6.4,4317,4333.243443653436,16.243443653435413
755,Truck42515,1002288,D,6.4,4322,4340.636180959656,18.63618095965578
756,Truck42516,1002288,D,6.4,4327,4342.8636275619365,15.863627561936442
757,Truck42517,1002288,D,6.4,4332,4349.781126170887,17.781126170886605
758,Truck42518,1002288,D,6.4,4337,4354.384474790776,17.38447479077583
759,Truck42519,1002288,D,6.4,4342,4355.106300715625,13.106300715625242
760,Truck42520,1002288,D,6.4,4347,4363.089819927895,16.089819927895146
761,Truck42521,1002288,D,6.4,4352,4370.064714162855,18.06471416285526
762,Truck42522,1002288,D,6.4,4357,4368.202169338366,11.202169338365657
763,Truck42523,1002288,D,6.4,4362,4372.705249074109,10.705249074108773
764,Truck42524,1002288,D,6.4,4367,4382.546183940719,15.546183940718949
765,Truck42525,1002288,D,6.4,4372,4384.903622450977,12.903622450977618
766,Truck42526,1002288,D,6.4,4377,4389.519017496486,12.519017496486018
767,Truck42527,1002288,D,6.4,4382,4396.334337311589,14.334337311588861
768,Truck42528,1002288,D,6.4,4387,4400.692939720827,13.692939720827153
769,Truck42529,1002288,D,6.4,4392,4407.260159259038,15.26015925903803
770,Truck42530,1002288,D,6.4,4397,4412.675326991069,15.675326991068905
771,Truck42531,1002288,D,6.4,4402,4420.502227936244,18.502227936244164
772,Truck42532,1002288,D,6.4,4407,4426.015896509302,19.015896509302586
773,Truck42533,1002288,D,6.4,4412,4429.28208915036,17.282089150359887
774,Truck42534,1002288,D,6.4,4417,4433.61444847325,16.614448473250217
775,Truck42535,1002288,D,6.4,4422,4433.525771498114,11.525771498114667
776,Truck42536,1002288,D,6.4,4427,4441.425927315081,14.425927315080958
777,Truck42537,1002288,D,6.4,4432,4445.084084331718,13.084084331718127
778,Truck42538,1002288,D,6.4,4437,4456.580604845326,19.580604845325855
779,Truck42539,1002288,D,6.4,4442,4454.782637259909,12.782637259908977
780,Truck42540,1002288,D,6.4,4447,4463.651789284307,16.651789284306282
781,Truck42541,1002288,D,6.4,4452,4464.767019578997,12.767019578996901
782,Truck42542,1002288,D,6.4,4457,4470.226058988626,13.22605898862654
783,Truck42543,1002288,D,6.4,4462,4472.86061850844,10.860618508440297
784,Truck42544,1002288,D,6.4,4467,4477.085495374876,10.08549537487569
785,Truck42545,1002288,D,6.4,4472,4485.938395923295,13.93839592329487
786,Truck42546,1002288,D,6.4,4477,4492.737851555161,15.7378515551609
787,Truck42547,1002288,D,6.4,4482,4497.403235770948,15.40323577094799
788,Truck42548,1002288,D,6.4,4487,4502.147836699194,15.147836699193736
789,Truck42549,1002288,D,6.4,4492,4503.874840510745,11.874840510745658
790,Truck42550,1002288,D,6.4,4497,4510.098677955971,13.098677955970677
791,Truck42551,1002288,D,6.4,4502,4519.625905138289,17.625905138289433
792,Truck42552,1002288,D,6.4,4507,4517.567803138013,10.567803138012716
793,Truck42553,1002288,D,6.4,4512,4522.057029367188,10.057029367188216
794,Truck42554,1002288,D,6.4,4517,4531.325492645636,14.325492645636121
795,Truck42555,1002288,D,6.4,4522,4539.070728331344,17.070728331344046
796,Truck42556,1002288,D,6.4,4527,4537.177292746403,10.177292746402731
797,Truck42557,1002288,D,6.4,4532,4544.858031891005,12.858031891005355
798,Truck42558,1002288,D,6.4,4537,4547.263197949652,10.263197949651847
799,Truck42559,1002288,D,6.4,4542,4561.506558859797,19.506558859797323
800,Truck42560,1002288,D,6.4,4547,4559.25962835782,12.25962835781998
801,Truck42561,1002288,D,6.4,4552,4571.725558526045,19.72555852604467
802,Truck42562,1002288,D,6.4,4557,4572.033219553983,15.033219553983523
803,Truck42563,1002288,D,6.4,4562,4576.340950192236,14.340950192236152
804,Truck42564,1002288,D,6.4,4567,4586.668069833601,19.668069833601443
805,Truck42565,1002288,D,6.4,4572,4586.578208091363,14.578208091362837
806,Truck42566,1002288,D,6.4,4577,4593.586637782055,16.58663778205492
807,Truck42567,1002288,D,6.4,4582,4594.316667761462,12.316667761461453
808,Truck42568,1002288,D,6.4,4587,4603.959671018265,16.9596710182652
809,Truck42569,1002288,D,6.4,4592,4607.338079907031,15.338079907030963
810,Truck42570,1002288,D,6.4,4597,4612.76478389911,15.764783899109366
811,Truck42571,1002288,D,6.4,4602,4613.949433195637,11.94943319563645
812,Truck42572,1002288,D,6.4,4607,4625.929355310423,18.92935531042234
813,Truck42573,1002288,D,6.4,4612,4627.449305263634,15.449305263634425
814,Truck42574,1002288,D,6.4,4617,4635.770618453093,18.770618453093356
815,Truck42575,1002288,D,6.4,4622,4638.167403424343,16.16740342434341
816,Truck42576,1002288,D,6.4,4627,4644.078484403065,17.078484403065232
817,Truck42577,1002288,D,6.4,4632,4648.924529837298,16.924529837298298
818,Truck42578,1002288,D,6.4,4637,4649.774141363818,12.774141363817769
819,Truck42579,1002288,D,6.4,4642,4652.8125749192795,10.812574919279626
820,Truck42580,1002288,D,6.4,4647,4664.616885697129,17.616885697129383
821,Truck42581,1002288,D,6.4,4652,4666.758371733359,14.758371733359024
822,Truck42582,1002288,D,6.4,4657,4668.919905738311,11.91990573831074
823,Truck42583,1002288,D,6.4,4662,4680.267809638923,18.267809638922643
824,Truck42584,1002288,D,6.4,4667,4681.842151539339,14.842151539338964
825,Truck42585,1002288,D,6.4,4672,4683.98426660515,11.984266605149621
826,Truck42586,1002288,D,6.4,4677,4687.246502360544,10.246502360543532
827,Truck42587,1002288,D,6.4,4682,4698.705724255834,16.70572425583389
828,Truck42588,1002288,D,6.4,4687,4705.393883462503,18.39388346250358
829,Truck42589,1002288,D,6.4,4692,4710.578868132856,18.578868132855632
830,Truck42590,1002288,D,6.4,4697,4712.419988343942,15.419988343941935
831,Truck42591,1002288,D,6.4,4702,4719.152155480813,17.152155480813654
832,Truck42592,1002288,D,6.4,4707,4723.027222437679,16.02722243767868
833,Truck42593,1002288,D,6.4,4712,4722.766546190715,10.766546190715351
834,Truck42594,1002288,D,6.4,4717,4730.389574099097,13.389574099097
835,Truck42595,1002288,D,6.4,4722,4741.572302116923,19.572302116923247
836,Truck42596,1002288,D,6.4,4727,4740.119048212304,13.119048212303955
837,Truck42597,1002288,D,6.4,4732,4750.705958239329,18.70595823932922
838,Truck42598,1002288,D,6.4,4737,4749.335048410642,12.33504841064244
839,Truck42599,1002288,D,6.4,4742,4755.245426049208,13.245426049208042
840,Truck42600,1002288,D,6.4,4747,4758.253625216648,11.253625216648425
841,Truck42601,1002288,D,6.4,4752,4769.3155769350005,17.315576935000124
842,Truck42602,1002288,D,6.4,4757,4776.6827341896815,19.682734189681582
843,Truck42603,1002288,D,6.4,4762,4775.782492696011,13.782492696011182
844,Truck42604,1002288,D,6.4,4767,4779.938409327429,12.938409327428925
845,Truck42605,1002288,D,6.4,4772,4791.53254599528,19.532545995280252
846,Truck42606,1002288,D,6.4,4777,4793.321522470072,16.321522470071812
847,Truck42607,1002288,D,6.4,4782,4793.911626490161,11.911626490160941
848,Truck42608,1002288,D,6.4,4787,4797.995516411496,10.995516411496364
849,Truck42609,1002288,D,6.4,4792,4804.457715292285,12.457715292284874
850,Truck42610,1002288,D,6.4,4797,4812.919968905612,15.91996890561257
851,Truck42611,1002288,D,6.4,4802,4817.691557377922,15.69155737792234
852,Truck42612,1002288,D,6.4,4807,4823.046443101575,16.04644310157494
853,Truck42613,1002288,D,6.4,4812,4831.907812125675,19.90781212567524
854,Truck42614,1002288,D,6.4,4817,4830.546094824241,13.546094824240917
855,Truck42615,1002288,D,6.4,4822,4840.924815809648,18.92481580964832
856,Truck42616,1002288,D,6.4,4827,4845.554504310486,18.554504310485655
857,Truck42617,1002288,D,6.4,4832,4842.413363110263,10.413363110263562
858,Truck42618,1002288,D,6.4,4837,4851.839166600499,14.839166600498903
859,Truck42619,1002288,D,6.4,4842,4854.540447056593,12.54044705659232
860,Truck42620,1002288,D,6.4,4847,4859.0777131973355,12.077713197335243
861,Truck42621,1002288,D,6.4,4852,4867.406998518143,15.406998518143006
862,Truck42622,1002288,D,6.4,4857,4874.333924781355,17.333924781354348
863,Truck42623,1002288,D,6.4,4862,4876.084030920199,14.084030920199346
864,Truck42624,1002288,D,6.4,4867,4882.148142253036,15.148142253036198
865,Truck42625,1002288,D,6.4,4872,4882.446901733348,10.446901733347463
866,Truck42626,1002288,D,6.4,4877,4890.236475145508,13.236475145508107
867,Truck42627,1002288,D,6.4,4882,4901.553981940589,19.553981940589626
868,Truck42628,1002288,D,6.4,4887,4899.321884877927,12.321884877927145
869,Truck42629,1002288,D,6.4,4892,4909.773818952257,17.773818952257187
870,Truck42630,1002288,D,6.4,4897,4907.671261812814,10.671261812813837
871,Truck42631,1002288,D,6.4,4902,4920.462611473666,18.46261147366537
872,Truck42632,1002288,D,6.4,4907,4924.4910751543985,17.491075154398345
873,Truck42633,1002288,D,6.4,4912,4928.494343005416,16.494343005416756
874,Truck42634,1002288,D,6.4,4917,4931.710161779271,14.710161779271852
875,Truck42635,1002288,D,6.4,4922,4941.862808016041,19.86280801604019
876,Truck42636,1002288,D,6.4,4927,4946.965328975077,19.96532897507707
877,Truck42637,1002288,D,6.4,4932,4945.991453022096,13.991453022095415
878,Truck42638,1002288,D,6.4,4937,4952.63263879263,15.632638792629807
879,Truck42639,1002288,D,6.4,4942,4954.571973142418,12.57197314241759
880,Truck42640,1002288,D,6.4,4947,4966.124469507162,19.124469507161763
881,Truck42641,1002288,D,6.4,4952,4965.776685914177,13.776685914176493
882,Truck42642,1002288,D,6.4,4957,4969.9382711896915,12.938271189691092
883,Truck42643,1002288,D,6.4,4962,4981.789198880808,19.78919888080798
884,Truck42644,1002288,D,6.4,4967,4984.993464166056,17.99346416605612
885,Truck42645,1002288,D,6.4,4972,4989.575603718294,17.57560371829332
886,Truck42646,1002288,D,6.4,4977,4996.353083968588,19.353083968588336
887,Truck42647,1002288,D,6.4,4982,4992.76392720942,10.763927209420123
888,Truck42648,1002288,D,6.4,4987,5001.638100605456,14.63810060545627
889,Truck42649,1002288,D,6.4,4992,5005.479772811904,13.479772811903757
890,Truck42650,1002288,D,6.4,4997,5012.766994035176,15.766994035176445
891,Truck42651,1002288,D,6.4,5002,5015.877933282546,13.87793328254596
892,Truck42652,1002288,D,6.4,5007,5025.151220638484,18.151220638484368
893,Truck42653,1002288,D,6.4,5012,5025.354836343288,13.354836343288556
894,Truck42654,1002288,D,6.4,5017,5029.544110819923,12.544110819923366
895,Truck42655,1002288,D,6.4,5022,5033.383768457573,11.383768457572467
896,Truck42656,1002288,D,6.4,5027,5043.478568307678,16.478568307678152
897,Truck42657,1002288,D,6.4,5032,5045.403147431408,13.40314743140759
898,Truck42658,1002288,D,6.4,5037,5056.029872561345,19.029872561344494
899,Truck42659,1002288,D,6.4,5042,5060.197307476955,18.1973074769547
900,Truck42660,1002288,D,6.4,5047,5059.72340565818,12.723405658179804
901,Truck42661,1002288,D,6.4,5052,5069.5696224185895,17.569622418589454
902,Truck42662,1002288,D,6.4,5057,5072.797577804115,15.797577804114173
903,Truck42663,1002288,D,6.4,5062,5077.602378883243,15.602378883242471
904,Truck42664,1002288,D,6.4,5067,5085.278586615954,18.278586615953486
905,Truck42665,1002288,D,6.4,5072,5083.528332225078,11.528332225078332
906,Truck42666,1002288,D,6.4,5077,5094.324191050309,17.324191050309434
907,Truck42667,1002288,D,6.4,5082,5097.832693472485,15.832693472484475
908,Truck42668,1002288,D,6.4,5087,5104.137778622078,17.137778622078393
909,Truck42669,1002288,D,6.4,5092,5106.09600058825,14.096000588250062
910,Truck42670,1002288,D,6.4,5097,5114.826647907705,17.826647907704757
911,Truck42671,1002288,D,6.4,5102,5113.153425388141,11.153425388140931
912,Truck42672,1002288,D,6.4,5107,5121.974142649434,14.974142649434064
913,Truck42673,1002288,D,6.4,5112,5127.189633525793,15.189633525793335
914,Truck42674,1002288,D,6.4,5117,5132.897426818524,15.897426818524032
915,Truck42675,1002288,D,6.4,5122,5135.688657445278,13.688657445277974
916,Truck42676,1002288,D,6.4,5127,5140.410688162417,13.410688162416413
917,Truck42677,1002288,D,6.4,5132,5142.709147165113,10.709147165112874
918,Truck42678,1002288,D,6.4,5137,5156.627189872422,19.627189872421454
919,Truck42679,1002288,D,6.4,5142,5155.262898301996,13.26289830199558
920,Truck42680,1002288,D,6.4,5147,5162.431737854149,15.431737854149137
921,Truck42681,1002288,D,6.4,5152,5163.268610106184,11.268610106183464
922,Truck42682,1002288,D,6.4,5157,5176.061122933078,19.061122933077876
923,Truck42683,1002288,D,6.4,5162,5173.723906428874,11.723906428874155
924,Truck42684,1002288,D,6.4,5167,5182.076654438255,15.076654438254547
925,Truck42685,1002288,D,6.4,5172,5186.778427052587,14.778427052587173
926,Truck42686,1002288,D,6.4,5177,5196.73022430711,19.730224307109616
927,Truck42687,1002288,D,6.4,5182,5196.355885708363,14.355885708362873
928,Truck42688,1002288,D,6.4,5187,5199.515091556327,12.515091556327478
929,Truck42689,1002288,D,6.4,5192,5205.862335369647,13.86233536964703
930,Truck42690,1002288,D,6.4,5197,5215.721727942253,18.721727942252713
931,Truck42691,1002288,D,6.4,5202,5219.08578236703,17.085782367029996
932,Truck42692,1002288,D,6.4,5207,5221.074618234488,14.074618234488312
933,Truck42693,1002288,D,6.4,5212,5226.985968425756,14.985968425756123
934,Truck42694,1002288,D,6.4,5217,5235.924580512766,18.924580512765445
935,Truck42695,1002288,D,6.4,5222,5241.447264782229,19.447264782228668
936,Truck42696,1002288,D,6.4,5227,5246.699883238331,19.69988323833089
937,Truck42697,1002288,D,6.4,5232,5248.0175327161705,16.017532716170763
938,Truck42698,1002288,D,6.4,5237,5249.144705505929,12.144705505929185
939,Truck42699,1002288,D,6.4,5242,5261.832219300093,19.832219300093087
940,Truck42700,1002288,D,6.4,5247,5263.7883673789665,16.7883673789664
941,Truck42701,1002288,D,6.4,5252,5269.671019685976,17.671019685975946
942,Truck42702,1002288,D,6.4,5257,5273.015501342024,16.015501342024475
943,Truck42703,1002288,D,6.4,5262,5272.181666164035,10.18166616403529
944,Truck42704,1002288,D,6.4,5267,5277.858792329575,10.858792329575365
945,Truck42705,1002288,D,6.4,5272,5283.793524750086,11.793524750086462
946,Truck42706,1002288,D,6.4,5277,5293.357050683423,16.35705068342326
947,Truck42707,1002288,D,6.4,5282,5292.992142737987,10.992142737987201
948,Truck42708,1002288,D,6.4,5287,5297.602955274821,10.602955274821335
949,Truck42709,1002288,D,6.4,5292,5309.115549257158,17.115549257157678
950,Truck42710,1002288,D,6.4,5297,5313.634486784568,16.634486784568416
951,Truck42711,1002288,D,6.4,5302,5319.179868082402,17.179868082402166
952,Truck42712,1002288,D,6.4,5307,5326.480247654345,19.48024765434435
953,Truck42713,1002288,D,6.4,5312,5323.965584113265,11.965584113265628
954,Truck42714,1002288,D,6.4,5317,5335.584056154278,18.58405615427801
955,Truck42715,1002288,D,6.4,5322,5336.308861804068,14.30886180406847
956,Truck42716,1002288,D,6.4,5327,5337.434870405802,10.43487040580226
957,Truck42717,1002288,D,6.4,5332,5350.581035503079,18.581035503079306
958,Truck42718,1002288,D,6.4,5337,5354.269914424355,17.26991442435489
959,Truck42719,1002288,D,6.4,5342,5357.971050464232,15.971050464231897
960,Truck42720,1002288,D,6.4,5347,5363.669120662955,16.669120662954363
961,Truck42721,1002288,D,6.4,5352,5370.288153246456,18.288153246456652
962,Truck42722,1002288,D,6.4,5357,5373.838825584528,16.8388255845281
963,Truck42723,1002288,D,6.4,5362,5376.363587559609,14.363587559609048
964,Truck42724,1002288,D,6.4,5367,5378.344510822456,11.34451082245577
965,Truck42725,1002288,D,6.4,5372,5391.907050480768,19.907050480767637
966,Truck42726,1002288,D,6.4,5377,5396.250964639712,19.25096463971211
967,Truck42727,1002288,D,6.4,5382,5394.885374344134,12.885374344134165
968,Truck42728,1002288,D,6.4,5387,5405.076938371088,18.07693837108728
969,Truck42729,1002288,D,6.4,5392,5410.022647621182,18.022647621182376
970,Truck42730,1002288,D,6.4,5397,5414.841200944747,17.841200944746507
971,Truck42731,1002288,D,6.4,5402,5418.690805961444,16.69080596144456
972,Truck42732,1002288,D,6.4,5407,5417.584964353744,10.58496435374417
973,Truck42733,1002288,D,6.4,5412,5431.492853194363,19.49285319436364
974,Truck42734,1002288,D,6.4,5417,5436.48074241952,19.480742419519935
975,Truck42735,1002288,D,6.4,5422,5437.205644060342,15.205644060342358
976,Truck42736,1002288,D,6.4,5427,5445.879921770688,18.879921770688476
977,Truck42737,1002288,D,6.4,5432,5444.199609014616,12.19960901461612
978,Truck42738,1002288,D,6.4,5437,5450.456334835474,13.456334835474216
979,Truck42739,1002288,D,6.4,5442,5452.689295712402,10.689295712402323
980,Truck42740,1002288,D,6.4,5447,5458.989403617357,11.989403617357398
981,Truck42741,1002288,D,6.4,5452,5465.040858901455,13.040858901454678
982,Truck42742,1002288,D,6.4,5457,5467.025760546531,10.02576054653089
983,Truck42743,1002288,D,6.4,5462,5481.70272358554,19.70272358554009
984,Truck42744,1002288,D,6.4,5467,5480.253007328142,13.253007328142608
985,Truck42745,1002288,D,6.4,5472,5487.465954870045,15.46595487004453
986,Truck42746,1002288,D,6.4,5477,5488.079605770366,11.079605770365484
987,Truck42747,1002288,D,6.4,5482,5492.4492707481595,10.449270748159362
988,Truck42748,1002288,D,6.4,5487,5497.1872889821225,10.187288982122642
989,Truck42749,1002288,D,6.4,5492,5510.402511413488,18.40251141348871
990,Truck42750,1002288,D,6.4,5497,5509.0958041606345,12.09580416063433
991,Truck42751,1002288,D,6.4,5502,5518.317176952778,16.317176952777928
992,Truck42752,1002288,D,6.4,5507,5525.511600114436,18.51160011443592
993,Truck42753,1002288,D,6.4,5512,5528.103760392446,16.103760392445665
994,Truck42754,1002288,D,6.4,5517,5528.778268099858,11.778268099858233
995,Truck42755,1002288,D,6.4,5522,5535.883590825848,13.883590825848167
996,Truck42756,1002288,D,6.4,5527,5544.194769508166,17.194769508165855
997,Truck42757,1002288,D,6.4,5532,5550.31740444565,18.3174044456498
998,Truck42758,1002288,D,6.4,5537,5554.968917264356,17.96891726435566
999,Truck42759,1002288,D,6.4,5542,5558.902594211347,16.90259421134684
1000,Truck42760,1002288,D,6.4,5547,5561.905689448768,14.905689448767179
1001,Truck42761,1002288,D,6.4,5552,5566.559751541041,14.559751541041086
1002,Truck42762,1002288,D,6.4,5557,5576.127979662883,19.127979662882815
1003,Truck42763,1002288,D,6.4,5562,5577.388427124441,15.388427124440131
1004,Truck42764,1002288,D,6.4,5567,5581.387791085601,14.38779108560076
1005,Truck42765,1002288,D,6.4,5572,5586.730713703372,14.730713703371935
1006,Truck42766,1002288,D,6.4,5577,5588.44690195547,11.446901955469562
1007,Truck42767,1002288,D,6.4,5582,5599.844471560735,17.84447156073508
1008,Truck42768,1002288,D,6.4,5587,5599.2810729482135,12.28107294821351
1009,Truck42769,1002288,D,6.4,5592,5610.791167907633,18.791167907633092
1010,Truck42770,1002288,D,6.4,5597,5611.221748637748,14.221748637747975
1011,Truck42771,1002288,D,6.4,5602,5615.614116431169,13.614116431169663
1012,Truck42772,1002288,D,6.4,5607,5625.762963227987,18.762963227986482
1013,Truck42773,1002288,D,6.4,5612,5623.219258258671,11.219258258671719
1014,Truck42774,1002288,D,6.4,5617,5630.319398729467,13.31939872946717
1015,Truck42775,1002288,D,6.4,5622,5636.202143312516,14.202143312515808
1016,Truck42776,1002288,D,6.4,5627,5643.444089897888,16.44408989788817
1017,Truck42777,1002288,D,6.4,5632,5648.449291272723,16.44929127272257
1018,Truck42778,1002288,D,6.4,5637,5656.29298746465,19.292987464649773
1019,Truck42779,1002288,D,6.4,5642,5656.3571413706795,14.35714137067987
1020,Truck42780,1002288,D,6.4,5647,5661.182456010952,14.182456010952071
1021,Truck42781,1002288,D,6.4,5652,5665.003718866354,13.003718866354113
1022,Truck42782,1002288,D,6.4,5657,5671.063704696494,14.063704696494234
1023,Truck42783,1002288,D,6.4,5662,5676.144562831182,14.144562831182197
1024,Truck42784,1002288,D,6.4,5667,5684.8552637266475,17.855263726647657
1025,Truck42785,1002288,D,6.4,5672,5686.519082980553,14.519082980552913
1026,Truck42786,1002288,D,6.4,5677,5687.157481957539,10.15748195753864
1027,Truck42787,1002288,D,6.4,5682,5694.515195048866,12.515195048866161
1028,Truck42788,1002288,D,6.4,5687,5697.070209230051,10.070209230050583
1029,Truck42789,1002288,D,6.4,5692,5709.187994656084,17.18799465608424
1030,Truck42790,1002288,D,6.4,5697,5707.804657539096,10.804657539096068
1031,Truck42791,1002288,D,6.4,5702,5712.16762435426,10.167624354259399
1032,Truck42792,1002288,D,6.4,5707,5726.1017163004435,19.101716300443684
1033,Truck42793,1002288,D,6.4,5712,5726.7157239806365,14.715723980636877
1034,Truck42794,1002288,D,6.4,5717,5732.819753575922,15.819753575921917
1035,Truck42795,1002288,D,6.4,5722,5732.653702148294,10.653702148293874
1036,Truck42796,1002288,D,6.4,5727,5738.532400506779,11.532400506779034
1037,Truck42797,1002288,D,6.4,5732,5745.992044151524,13.992044151523809
1038,Truck42798,1002288,D,6.4,5737,5756.256206855983,19.256206855982565
1039,Truck42799,1002288,D,6.4,5742,5752.05118038725,10.051180387249346
1040,Truck42800,1002288,D,6.4,5747,5759.643222865628,12.643222865627894
1041,Truck42801,1002288,D,6.4,5752,5771.375894434711,19.375894434710716
1042,Truck42802,1002288,D,6.4,5757,5769.36594884381,12.365948843810198
1043,Truck42803,1002288,D,6.4,5762,5772.7853627798895,10.785362779889939
1044,Truck42804,1002288,D,6.4,5767,5783.646537643413,16.6465376434126
1045,Truck42805,1002288,D,6.4,5772,5790.585876001038,18.585876001038116
1046,Truck42806,1002288,D,6.4,5777,5794.955907241827,17.95590724182658
1047,Truck42807,1002288,D,6.4,5782,5796.849242476479,14.849242476479198
1048,Truck42808,1002288,D,6.4,5787,5798.233224873307,11.23322487330707
1049,Truck42809,1002288,D,6.4,5792,5804.9338257632535,12.93382576325334
1050,Truck42810,1002288,D,6.4,5797,5813.975803660149,16.975803660148536
1051,Truck42811,1002288,D,6.4,5802,5820.580010923757,18.580010923756646
1052,Truck42812,1002288,D,6.4,5807,5818.677218287955,11.677218287954705
1053,Truck42813,1002288,D,6.4,5812,5829.60550589437,17.605505894370495
1054,Truck42814,1002288,D,6.4,5817,5828.253607977129,11.253607977129366
1055,Truck42815,1002288,D,6.4,5822,5833.759686861497,11.759686861497423
1056,Truck42816,1002288,D,6.4,5827,5838.294681779502,11.294681779501948
1057,Truck42817,1002288,D,6.4,5832,5849.094229244329,17.094229244328986
1058,Truck42818,1002288,D,6.4,5837,5855.7882651596965,18.788265159696408
1059,Truck42819,1002288,D,6.4,5842,5857.245389108855,15.245389108855504
1060,Truck42820,1002288,D,6.4,5847,5857.375369225291,10.3753692252909
1061,Truck42821,1002288,D,6.4,5852,5864.939875182672,12.939875182671901
1062,Truck42822,1002288,D,6.4,5857,5867.444042467076,10.44404246707588
1063,Truck42823,1002288,D,6.4,5862,5874.061931981381,12.061931981381644
1064,Truck42824,1002288,D,6.4,5867,5883.743482689833,16.743482689833833
1065,Truck42825,1002288,D,6.4,5872,5890.566943638337,18.56694363833699
1066,Truck42826,1002288,D,6.4,5877,5892.6335147307655,15.633514730765793
1067,Truck42827,1002288,D,6.4,5882,5897.193439202016,15.193439202015284
1068,Truck42828,1002288,D,6.4,5887,5898.81911192984,11.819111929839451
1069,Truck42829,1002288,D,6.4,5892,5904.608334091579,12.608334091579747
1070,Truck42830,1002288,D,6.4,5897,5912.806748557328,15.806748557328682
1071,Truck42831,1002288,D,6.4,5902,5920.529970475144,18.529970475144022
1072,Truck42832,1002288,D,6.4,5907,5925.086971469383,18.086971469383037
1073,Truck42833,1002288,D,6.4,5912,5929.708068503896,17.70806850389591
1074,Truck42834,1002288,D,6.4,5917,5936.324045801962,19.324045801961756
1075,Truck42835,1002288,D,6.4,5922,5933.306121798151,11.306121798150846
1076,Truck42836,1002288,D,6.4,5927,5941.109193169197,14.109193169196743
1077,Truck42837,1002288,D,6.4,5932,5949.337578420014,17.337578420014285
1078,Truck42838,1002288,D,6.4,5937,5952.34607770322,15.346077703219787
1079,Truck42839,1002288,D,6.4,5942,5952.336495787282,10.33649578728165
1080,Truck42840,1002288,D,6.4,5947,5965.919589880373,18.919589880373014
1081,Truck42841,1002288,D,6.4,5952,5964.716455211325,12.716455211325712
1082,Truck42842,1002288,D,6.4,5957,5968.540451623407,11.540451623406767
1083,Truck42843,1002288,D,6.4,5962,5980.0587370532985,18.058737053298586
1084,Truck42844,1002288,D,6.4,5967,5979.945038211107,12.945038211107276
1085,Truck42845,1002288,D,6.4,5972,5986.626360632216,14.626360632215963
1086,Truck42846,1002288,D,6.4,5977,5993.888949727801,16.88894972780174
1087,Truck42847,1002288,D,6.4,5982,5996.157791954334,14.157791954333803
1088,Truck42848,1002288,D,6.4,5987,5999.397592450339,12.397592450339442
1089,Truck42849,1002288,D,6.4,5992,6008.027885372638,16.027885372637947
1090,Truck42850,1002288,D,6.4,5997,6013.396423259706,16.39642325970642
1091,Truck42851,1002288,D,6.4,6002,6019.528752467267,17.52875246726667
1092,Truck42852,1002288,D,6.4,6007,6018.667514585411,11.66751458541028
1093,Truck42853,1002288,D,6.4,6012,6031.584035368984,19.58403536898335
1094,Truck42854,1002288,D,6.4,6017,6034.419671619486,17.419671619485335
1095,Truck42855,1002288,D,6.4,6022,6039.831783704632,17.831783704631178
1096,Truck42856,1002288,D,6.4,6027,6044.518744519118,17.518744519117575
1097,Truck42857,1002288,D,6.4,6032,6046.505907886908,14.505907886907742
1098,Truck42858,1002288,D,6.4,6037,6050.572113825711,13.572113825711744
1099,Truck42859,1002288,D,6.4,6042,6053.882989505806,11.882989505806345
1100,Truck42860,1002288,D,6.4,6047,6058.553580862036,11.553580862036302
1101,Truck42861,1002288,D,6.4,6052,6062.272858492382,10.272858492381864
1102,Truck42862,1002288,D,6.4,6057,6068.902268645788,11.90226864578793
1103,Truck42863,1002288,D,6.4,6062,6080.382291327446,18.382291327446627
1104,Truck42864,1002288,D,6.4,6067,6085.054792284657,18.054792284657307
1105,Truck42865,1002288,D,6.4,6072,6082.59364154356,10.593641543560096
1106,Truck42866,1002288,D,6.4,6077,6094.4546985930765,17.454698593076074
1107,Truck42867,1002288,D,6.4,6082,6099.3460852426715,17.346085242671847
1108,Truck42868,1002288,D,6.4,6087,6106.57315553935,19.573155539350054
1109,Truck42869,1002288,D,6.4,6092,6107.935584240985,15.935584240985168
1110,Truck42870,1002288,D,6.4,6097,6115.756638906052,18.756638906052494
1111,Truck42871,1002288,D,6.4,6102,6121.977401279797,19.977401279797363
1112,Truck42872,1002288,D,6.4,6107,6122.273394580077,15.273394580077097
1113,Truck42873,1002288,D,6.4,6112,6129.3219455726885,17.321945572688644
1114,Truck42874,1002288,D,6.4,6117,6127.028346355433,10.028346355433253
1115,Truck42875,1002288,D,6.4,6122,6140.372772471192,18.372772471191837
1116,Truck42876,1002288,D,6.4,6127,6145.121120051844,18.12112005184414
1117,Truck42877,1002288,D,6.4,6132,6147.7095621333465,15.70956213334618
1118,Truck42878,1002288,D,6.4,6137,6153.1411124667775,16.14111246677733
1119,Truck42879,1002288,D,6.4,6142,6161.550299960392,19.550299960392252
1120,Truck42880,1002288,D,6.4,6147,6166.395811632247,19.39581163224769
1121,Truck42881,1002288,D,6.4,6152,6164.034510365199,12.034510365198964
1122,Truck42882,1002288,D,6.4,6157,6174.406026682544,17.40602668254353
1123,Truck42883,1002288,D,6.4,6162,6180.229735299095,18.229735299095843
1124,Truck42884,1002288,D,6.4,6167,6181.687957483124,14.687957483124112
1125,Truck42885,1002288,D,6.4,6172,6188.005153338026,16.00515333802546
1126,Truck42886,1002288,D,6.4,6177,6194.531293849673,17.53129384967277
1127,Truck42887,1002288,D,6.4,6182,6196.058436514538,14.058436514537465
1128,Truck42888,1002288,D,6.4,6187,6201.092011297053,14.09201129705355
1129,Truck42889,1002288,D,6.4,6192,6209.34054879537,17.34054879537006
1130,Truck42890,1002288,D,6.4,6197,6210.85848268697,13.858482686969705
1131,Truck42891,1002288,D,6.4,6202,6219.5188614681465,17.518861468146852
1132,Truck42892,1002288,D,6.4,6207,6220.587938628491,13.58793862849149
1133,Truck42893,1002288,D,6.4,6212,6228.215426690616,16.21542669061631
1134,Truck42894,1002288,D,6.4,6217,6231.558569394785,14.558569394785163
1135,Truck42895,1002288,D,6.4,6222,6234.6101517524585,12.610151752458583
1136,Truck42896,1002288,D,6.4,6227,6246.998809597439,19.998809597438427
1137,Truck42897,1002288,D,6.4,6232,6248.719426359507,16.719426359507278
1138,Truck42898,1002288,D,6.4,6237,6253.250704438159,16.250704438159502
1139,Truck42899,1002288,D,6.4,6242,6256.308620845841,14.308620845840405
1140,Truck42900,1002288,D,6.4,6247,6259.693079097453,12.693079097453277
1141,Truck42901,1002288,D,6.4,6252,6266.757562599058,14.757562599057465
1142,Truck42902,1002288,D,6.4,6257,6268.620569197564,11.620569197563686
1143,Truck42903,1002288,D,6.4,6262,6274.02835531379,12.028355313790033
1144,Truck42904,1002288,D,6.4,6267,6285.36501922298,18.36501922297963
1145,Truck42905,1002288,D,6.4,6272,6290.5115717072085,18.511571707208233
1146,Truck42906,1002288,D,6.4,6277,6287.562271712549,10.562271712548657
1147,Truck42907,1002288,D,6.4,6282,6292.939270400479,10.939270400478684
1148,Truck42908,1002288,D,6.4,6287,6306.92584578193,19.92584578192944
1149,Truck42909,1002288,D,6.4,6292,6309.398609450333,17.39860945033328
1150,Truck42910,1002288,D,6.4,6297,6315.56528615613,18.565286156130373
1151,Truck42911,1002288,D,6.4,6302,6315.9887308390735,13.988730839073586
1152,Truck42912,1002288,D,6.4,6307,6317.609657277074,10.609657277074023
1153,Truck42913,1002288,D,6.4,6312,6330.525113258496,18.525113258496496
1154,Truck42914,1002288,D,6.4,6317,6332.761289355012,15.761289355012313
1155,Truck42915,1002288,D,6.4,6322,6340.231367193812,18.231367193811607
1156,Truck42916,1002288,D,6.4,6327,6340.119744797599,13.119744797599243
1157,Truck42917,1002288,D,6.4,6332,6349.039060126274,17.03906012627421
1158,Truck42918,1002288,D,6.4,6337,6353.269879063413,16.269879063413224
1159,Truck42919,1002288,D,6.4,6342,6353.954340238402,11.95434023840252
1160,Truck42920,1002288,D,6.4,6347,6364.599858361657,17.599858361657276
1161,Truck42921,1002288,D,6.4,6352,6362.408876292511,10.40887629251156
1162,Truck42922,1002288,D,6.4,6357,6371.006294435316,14.006294435315391
1163,Truck42923,1002288,D,6.4,6362,6377.249076722401,15.24907672240057
1164,Truck42924,1002288,D,6.4,6367,6380.191973307896,13.191973307895918
1165,Truck42925,1002288,D,6.4,6372,6387.341236033138,15.341236033137399
1166,Truck42926,1002288,D,6.4,6377,6391.736171754777,14.736171754777118
1167,Truck42927,1002288,D,6.4,6382,6397.090682805413,15.090682805413183
1168,Truck42928,1002288,D,6.4,6387,6404.727806084997,17.727806084996615
1169,Truck42929,1002288,D,6.4,6392,6411.29081506027,19.290815060270226
1170,Truck42930,1002288,D,6.4,6397,6408.842594998275,11.842594998274942
1171,Truck42931,1002288,D,6.4,6402,6420.116072627804,18.116072627804122
1172,Truck42932,1002288,D,6.4,6407,6419.363150973661,12.363150973660893
1173,Truck42933,1002288,D,6.4,6412,6424.878901202991,12.878901202991338
1174,Truck42934,1002288,D,6.4,6417,6435.51756660766,18.51756660766062
1175,Truck42935,1002288,D,6.4,6422,6439.63917515116,17.63917515116021
1176,Truck42936,1002288,D,6.4,6427,6438.243191722248,11.243191722247985
1177,Truck42937,1002288,D,6.4,6432,6442.958441082837,10.958441082837448
1178,Truck42938,1002288,D,6.4,6437,6451.5894414848235,14.589441484823816
1179,Truck42939,1002288,D,6.4,6442,6461.094723358791,19.09472335879133
1180,Truck42940,1002288,D,6.4,6447,6459.765067422096,12.765067422096001
1181,Truck42941,1002288,D,6.4,6452,6465.212883843805,13.212883843804963
1182,Truck42942,1002288,D,6.4,6457,6472.3130858086915,15.313085808691891
1183,Truck42943,1002288,D,6.4,6462,6474.664224983287,12.664224983287031
1184,Truck42944,1002288,D,6.4,6467,6482.891155186862,15.891155186861969
1185,Truck42945,1002288,D,6.4,6472,6483.870251434647,11.870251434646882
1186,Truck42946,1002288,D,6.4,6477,6491.918895508031,14.918895508031014
1187,Truck42947,1002288,D,6.4,6482,6493.29274674752,11.29274674751985
1188,Truck42948,1002288,D,6.4,6487,6504.721714439072,17.72171443907131
1189,Truck42949,1002288,D,6.4,6492,6502.66787203413,10.667872034129942
1190,Truck42950,1002288,D,6.4,6497,6508.91952213427,11.919522134269936
1191,Truck42951,1002288,D,6.4,6502,6519.605839957303,17.60583995730324
1192,Truck42952,1002288,D,6.4,6507,6524.79090007188,17.79090007188027
1193,Truck42953,1002288,D,6.4,6512,6530.2593979715975,18.259397971597814
1194,Truck42954,1002288,D,6.4,6517,6535.039715862592,18.039715862592374
1195,Truck42955,1002288,D,6.4,6522,6537.831139308853,15.831139308853803
1196,Truck42956,1002288,D,6.4,6527,6541.659659888911,14.659659888910559
1197,Truck42957,1002288,D,6.4,6532,6549.625225552312,17.625225552312333
1198,Truck42958,1002288,D,6.4,6537,6556.327957871846,19.327957871845264
1199,Truck42959,1002288,D,6.4,6542,6555.372191531654,13.372191531653542
1200,Truck42960,1002288,D,6.4,6547,6565.262889074393,18.262889074392305
1201,Truck42961,1002288,D,6.4,6552,6566.073411800568,14.073411800567857
1202,Truck42962,1002288,D,6.4,6557,6576.468145206824,19.46814520682435
1203,Truck42963,1002288,D,6.4,6562,6580.388669478332,18.388669478331977
1204,Truck42964,1002288,D,6.4,6567,6585.642545413772,18.642545413771376
1205,Truck42965,1002288,D,6.4,6572,6588.856251073572,16.856251073571602
1206,Truck42966,1002288,D,6.4,6577,6588.736188315028,11.736188315027498
1207,Truck42967,1002288,D,6.4,6582,6597.989196923803,15.989196923803526
1208,Truck42968,1002288,D,6.4,6587,6604.479495069952,17.47949506995146
1209,Truck42969,1002288,D,6.4,6592,6607.841674803596,15.841674803595819
1210,Truck42970,1002288,D,6.4,6597,6610.468502446673,13.468502446672844
1211,Truck42971,1002288,D,6.4,6602,6617.894231699777,15.894231699776974
1212,Truck42972,1002288,D,6.4,6607,6621.202219238374,14.202219238374132
1213,Truck42973,1002288,D,6.4,6612,6625.490899708747,13.490899708746822
1214,Truck42974,1002288,D,6.4,6617,6633.862342963445,16.862342963445293
1215,Truck42975,1002288,D,6.4,6622,6639.659173786842,17.659173786841997
1216,Truck42976,1002288,D,6.4,6627,6640.392936011302,13.392936011301217
1217,Truck42977,1002288,D,6.4,6632,6644.6648319612395,12.66483196123979
1218,Truck42978,1002288,D,6.4,6637,6648.7227167910305,11.722716791030788
1219,Truck42979,1002288,D,6.4,6642,6656.779910304343,14.779910304342762
1220,Truck42980,1002288,D,6.4,6647,6658.795788625763,11.795788625762743
1221,Truck42981,1002288,D,6.4,6652,6664.869357447111,12.86935744711062
1222,Truck42982,1002288,D,6.4,6657,6672.722815232323,15.722815232323422
1223,Truck42983,1002288,D,6.4,6662,6681.099782450867,19.099782450866748
1224,Truck42984,1002288,D,6.4,6667,6682.975238866205,15.975238866204867
1225,Truck42985,1002288,D,6.4,6672,6690.228196237119,18.228196237119096
1226,Truck42986,1002288,D,6.4,6677,6696.325801269915,19.32580126991523
1227,Truck42987,1002288,D,6.4,6682,6698.671486207293,16.671486207292986
1228,Truck42988,1002288,D,6.4,6687,6697.5897939431725,10.589793943172053
1229,Truck42989,1002288,D,6.4,6692,6705.301149250755,13.301149250754861
1230,Truck42990,1002288,D,6.4,6697,6713.996854398642,16.99685439864235
1231,Truck42991,1002288,D,6.4,6702,6712.176809449141,10.176809449140993
1232,Truck42992,1002288,D,6.4,6707,6720.680580001542,13.680580001541376
1233,Truck42993,1002288,D,6.4,6712,6725.276768787771,13.276768787771328
1234,Truck42994,1002288,D,6.4,6717,6729.61685434737,12.616854347369507
1235,Truck42995,1002288,D,6.4,6722,6735.086960676957,13.086960676956423
1236,Truck42996,1002288,D,6.4,6727,6746.032756608188,19.03275660818771
1237,Truck42997,1002288,D,6.4,6732,6747.556871588233,15.556871588232593
1238,Truck42998,1002288,D,6.4,6737,6756.7868530766245,19.78685307662422
1239,Truck42999,1002288,D,6.4,6742,6755.195942995493,13.195942995493088
1240,Truck43000,1002288,D,6.4,6747,6765.10054710219,18.100547102190166
1241,Truck43001,1002288,D,6.4,6752,6766.363619253577,14.363619253576607
1242,Truck43002,1002288,D,6.4,6757,6767.144327340166,10.144327340165288
1243,Truck43003,1002288,D,6.4,6762,6779.451649613485,17.451649613485095
1244,Truck43004,1002288,D,6.4,6767,6777.06060661892,10.060606618920655
1245,Truck43005,1002288,D,6.4,6772,6785.026617760579,13.026617760578931
1246,Truck43006,1002288,D,6.4,6777,6792.3798133097125,15.379813309712763
1247,Truck43007,1002288,D,6.4,6782,6795.05586651374,13.055866513739886
1248,Truck43008,1002288,D,6.4,6787,6801.370959854108,14.37095985410835
1249,Truck43009,1002288,D,6.4,6792,6805.485516564951,13.485516564950775
1250,Truck43010,1002288,D,6.4,6797,6809.304553209651,12.304553209651498
1251,Truck43011,1002288,D,6.4,6802,6818.666010480549,16.6660104805483
1252,Truck43012,1002288,D,6.4,6807,6826.73199352328,19.731993523279677
1253,Truck43013,1002288,D,6.4,6812,6823.393425236966,11.393425236966738
1254,Truck43014,1002288,D,6.4,6817,6828.293086602059,11.293086602058938
1255,Truck43015,1002288,D,6.4,6822,6840.72445499342,18.724454993420192
1256,Truck43016,1002288,D,6.4,6827,6846.027480631614,19.02748063161414
1257,Truck43017,1002288,D,6.4,6832,6844.757532063421,12.757532063421278
1258,Truck43018,1002288,D,6.4,6837,6850.495228686426,13.495228686426481
1259,Truck43019,1002288,D,6.4,6842,6859.907003078733,17.907003078733737
1260,Truck43020,1002288,D,6.4,6847,6863.837236239146,16.837236239145806
1261,Truck43021,1002288,D,6.4,6852,6863.67245304524,11.672453045240589
1262,Truck43022,1002288,D,6.4,6857,6873.862872333957,16.86287233395724
1263,Truck43023,1002288,D,6.4,6862,6877.373137354222,15.373137354222298
1264,Truck43024,1002288,D,6.4,6867,6883.2525868582225,16.252586858222426
1265,Truck43025,1002288,D,6.4,6872,6889.48570189229,17.485701892290503
1266,Truck43026,1002288,D,6.4,6877,6893.7740277790635,16.77402777906332
1267,Truck43027,1002288,D,6.4,6882,6901.528306900385,19.52830690038521
1268,Truck43028,1002288,D,6.4,6887,6905.17414104735,18.174141047349423
1269,Truck43029,1002288,D,6.4,6892,6907.70008611792,15.700086117920046
1270,Truck43030,1002288,D,6.4,6897,6915.448546283162,18.448546283161868
1271,Truck43031,1002288,D,6.4,6902,6912.999678884287,10.999678884287198
1272,Truck43032,1002288,D,6.4,6907,6924.550990599754,17.550990599753952
1273,Truck43033,1002288,D,6.4,6912,6929.727728795347,17.727728795346316
1274,Truck43034,1002288,D,6.4,6917,6934.883814288406,17.883814288406274
1275,Truck43035,1002288,D,6.4,6922,6939.6146556311305,17.61465563113056
1276,Truck43036,1002288,D,6.4,6927,6945.372121415597,18.37212141559679
1277,Truck43037,1002288,D,6.4,6932,6942.490722441318,10.49072244131817
1278,Truck43038,1002288,D,6.4,6937,6952.9949296099785,15.994929609978193
1279,Truck43039,1002288,D,6.4,6942,6961.8604124263575,19.86041242635739
1280,Truck43040,1002288,D,6.4,6947,6961.935551806215,14.93555180621446
1281,Truck43041,1002288,D,6.4,6952,6966.508337535965,14.508337535965877
1282,Truck43042,1002288,D,6.4,6957,6976.978830912355,19.97883091235493
1283,Truck43043,1002288,D,6.4,6962,6975.226283602335,13.226283602334258
1284,Truck43044,1002288,D,6.4,6967,6985.158686395948,18.158686395948315
1285,Truck43045,1002288,D,6.4,6972,6988.334986966318,16.334986966317658
1286,Truck43046,1002288,D,6.4,6977,6992.028856892094,15.02885689209404
1287,Truck43047,1002288,D,6.4,6982,6992.69708509474,10.697085094740157
1288,Truck43048,1002288,D,6.4,6987,6998.782140125146,11.782140125145649
1289,Truck43049,1002288,D,6.4,6992,7002.64104594132,10.641045941319687
1290,Truck43050,1002288,D,6.4,6997,7013.704838420908,16.70483842090858
1291,Truck43051,1002288,D,6.4,7002,7016.670707204531,14.670707204530752
1292,Truck43052,1002288,D,6.4,7007,7018.728576027455,11.728576027455132
1293,Truck43053,1002288,D,6.4,7012,7022.320034662072,10.320034662072214
1294,Truck43054,1002288,D,6.4,7017,7028.676587158376,11.67658715837582
1295,Truck43055,1002288,D,6.4,7022,7035.82435868575,13.824358685749432
1296,Truck43056,1002288,D,6.4,7027,7042.767578970701,15.767578970701038
1297,Truck43057,1002288,D,6.4,7032,7051.707279055242,19.70727905524163
1298,Truck43058,1002288,D,6.4,7037,7050.339478226633,13.339478226633258
1299,Truck43059,1002288,D,6.4,7042,7053.279476954132,11.2794769541321
1300,Truck43060,1002288,D,6.4,7047,7062.169140097736,15.169140097736229
1301,Truck43061,1002288,D,6.4,7052,7065.392518588616,13.392518588616301
1302,Truck43062,1002288,D,6.4,7057,7067.167842877933,10.167842877933042
1303,Truck43063,1002288,D,6.4,7062,7074.448298519639,12.448298519638769
1304,Truck43064,1002288,D,6.4,7067,7079.326850540179,12.326850540179098
1305,Truck43065,1002288,D,6.4,7072,7090.570140994897,18.57014099489662
1306,Truck43066,1002288,D,6.4,7077,7092.60169559145,15.601695591449959
1307,Truck43067,1002288,D,6.4,7082,7095.418277425165,13.41827742516454
1308,Truck43068,1002288,D,6.4,7087,7099.28835872453,12.288358724530088
1309,Truck43069,1002288,D,6.4,7092,7110.502952355255,18.502952355254564
1310,Truck43070,1002288,D,6.4,7097,7111.485136259246,14.485136259245959
1311,Truck43071,1002288,D,6.4,7102,7118.829947083416,16.82994708341636
1312,Truck43072,1002288,D,6.4,7107,7122.938987600041,15.938987600041132
1313,Truck43073,1002288,D,6.4,7112,7127.983596436799,15.983596436799061
1314,Truck43074,1002288,D,6.4,7117,7132.340008955932,15.340008955931916
1315,Truck43075,1002288,D,6.4,7122,7135.845282106916,13.84528210691565
1316,Truck43076,1002288,D,6.4,7127,7139.846940687805,12.846940687804793
1317,Truck43077,1002288,D,6.4,7132,7147.585106547741,15.585106547741141
1318,Truck43078,1002288,D,6.4,7137,7155.285133174133,18.285133174132817
1319,Truck43079,1002288,D,6.4,7142,7154.076111189818,12.076111189818079
1320,Truck43080,1002288,D,6.4,7147,7157.309173404919,10.309173404919328
1321,Truck43081,1002288,D,6.4,7152,7164.8375619491735,12.837561949173715
1322,Truck43082,1002288,D,6.4,7157,7173.842074173486,16.84207417348606
1323,Truck43083,1002288,D,6.4,7162,7181.509130486778,19.50913048677791
1324,Truck43084,1002288,D,6.4,7167,7184.029316242264,17.029316242263835
1325,Truck43085,1002288,D,6.4,7172,7183.69003626174,11.690036261739689
1326,Truck43086,1002288,D,6.4,7177,7190.518209986961,13.51820998696093
1327,Truck43087,1002288,D,6.4,7182,7195.71382978331,13.713829783309622
1328,Truck43088,1002288,D,6.4,7187,7202.173302067045,15.173302067045723
1329,Truck43089,1002288,D,6.4,7192,7202.850561435428,10.850561435427661
1330,Truck43090,1002288,D,6.4,7197,7216.9576473389725,19.957647338972535
