road,id,model_type,name,lat,lon,length
N1,1000000,source,source,23.7060278,90.443333,0.0
N1,1000001,link,link 1,23.7060278,90.443333,814.0
N1,1000002,link,link 2,23.7029167,90.4504167,8.000000000000007
N1,1000003,link,link 3,23.7027778,90.4504722,178.00000000000006
N1,1000004,link,link 4,23.7021389,90.4519722,1000.0
N1,1000005,link,link 5,23.6978886,90.4605833,129.9999999999999
N1,1000006,link,link 6,23.6973608,90.4616667,870.0000000000001
N1,1000007,link,link 7,23.693833,90.4691382,1000.0
N1,1000008,link,link 8,23.6936108,90.4787771,174.99999999999983
N1,1000009,link,link 9,23.6938052,90.4805271,825.0000000000002
N1,1000010,link,link 10,23.6947497,90.4884997,1000.0
N1,1000011,link,link 11,23.6959163,90.4981941,1000.0
N1,1000012,link,link 12,23.697333,90.50775,181.00000000000006
N1,1000013,link,link 13,23.6979163,90.5092778,819.0
N1,1000014,link,link 14,23.7020556,90.5157222,10.999999999999233
N1,1000015,bridge,bridge 1,23.7021111,90.5157778,418.000000000001
N1,1000016,bridge,bridge 2,23.7045833,90.5188327,73.99999999999984
N1,1000017,link,link 15,23.7050278,90.5193327,259.9999999999998
N1,1000018,link,link 16,23.7060833,90.5215271,740.0000000000002
N1,1000019,link,link 17,23.7025278,90.5273882,112.0000000000001
N1,1000020,link,link 18,23.7015278,90.5281938,347.999999999999
N1,1000021,link,link 19,23.6998608,90.5307216,414.0000000000015
N1,1000022,link,link 20,23.6974163,90.5337774,125.99999999999945
N1,1000023,link,link 21,23.6966386,90.5348052,381.99999999999966
N1,1000024,link,link 22,23.6943608,90.5376108,428.0000000000008
N1,1000025,link,link 23,23.6922774,90.5410552,183.99999999999926
N1,1000026,link,link 24,23.6918052,90.5426108,247.99999999999932
N1,1000027,bridge,bridge 3,23.6911108,90.5448886,26.000000000001577
N1,1000028,bridge,bridge 4,23.6910552,90.5451386,164.99999999999915
N1,1000029,link,link 25,23.6904163,90.546583,587.9999999999992
N1,1000030,link,link 26,23.6865274,90.5504167,148.00000000000148
N1,1000031,link,link 27,23.6854997,90.5512778,851.9999999999985
N1,1000032,link,link 28,23.678166,90.5556111,1000.0
N1,1000033,link,link 29,23.670916,90.5597778,39.00000000000148
N1,1000034,link,link 30,23.6705827,90.5599722,960.9999999999985
N1,1000035,link,link 31,23.6628333,90.5641111,411.00000000000136
N1,1000036,link,link 32,23.6604167,90.5671104,307.0000000000004
N1,1000037,bridge,bridge 5,23.6591111,90.5697216,160.00000000000014
N1,1000038,bridge,bridge 6,23.6583056,90.5709993,121.99999999999989
N1,1000039,link,link 33,23.6575,90.5719716,306.99999999999864
N1,1000040,bridge,bridge 7,23.6559722,90.5743327,21.000000000000796
N1,1000041,bridge,bridge 8,23.6559167,90.5745271,352.00000000000034
N1,1000042,bridge,bridge 9,23.6540556,90.5772771,30.000000000001137
N1,1000043,bridge,bridge 10,23.6539167,90.5774993,289.99999999999915
N1,1000044,link,link 34,23.6525278,90.5798882,338.99999999999864
N1,1000045,bridge,bridge 11,23.6508889,90.5826382,41.00000000000037
N1,1000046,bridge,bridge 12,23.6506944,90.5829993,620.000000000001
N1,1000047,link,link 35,23.6476108,90.588083,353.9999999999992
N1,1000048,link,link 36,23.6449441,90.5899163,643.0000000000007
N1,1000049,link,link 37,23.6397497,90.5926941,3.0000000000001137
N1,1000050,link,link 38,23.6396941,90.5927219,519.9999999999995
N1,1000051,link,link 39,23.6358608,90.5948052,297.9999999999983
N1,1000052,bridge,bridge 13,23.6341108,90.5970274,100.00000000000142
N1,1000053,bridge,bridge 14,23.6335552,90.5976941,82.00000000000074
N1,1000054,link,link 40,23.6330549,90.5982774,974.9999999999978
N1,1000055,link,link 41,23.6262771,90.6042222,130.00000000000256
N1,1000056,link,link 42,23.6252216,90.6049722,135.99999999999923
N1,1000057,bridge,bridge 15,23.6242216,90.6055278,227.99999999999798
N1,1000058,bridge,bridge 16,23.6224993,90.6066944,259.00000000000034
N1,1000059,bridge,bridge 17,23.6204716,90.6079722,121.99999999999989
N1,1000060,bridge,bridge 18,23.6195271,90.6085833,255.00000000000256
N1,1000061,link,link 43,23.6173604,90.6096944,934.9999999999987
N1,1000062,bridge,bridge 19,23.6095556,90.6121944,65.00000000000128
N1,1000063,link,link 44,23.609,90.6124722,873.9999999999987
N1,1000064,bridge,bridge 20,23.6018611,90.6159722,126.00000000000122
N1,1000065,link,link 45,23.6009444,90.6165556,1000.0
N1,1000066,link,link 46,23.5959997,90.624666,9.99999999999801
N1,1000067,link,link 47,23.5959441,90.6246938,673.9999999999995
N1,1000068,link,link 48,23.5917497,90.6293327,316.0000000000025
N1,1000069,link,link 49,23.5896108,90.6313882,873.9999999999987
N1,1000070,bridge,bridge 21,23.5837497,90.6369441,126.00000000000122
N1,1000071,link,link 50,23.5828327,90.6378886,38.999999999997925
N1,1000072,bridge,bridge 22,23.5825827,90.6381386,656.0000000000024
N1,1000073,bridge,bridge 23,23.577916,90.6419719,38.999999999997925
N1,1000074,bridge,bridge 24,23.5776104,90.6421108,396.0000000000008
N1,1000075,link,link 51,23.5745271,90.6436941,307.99999999999983
N1,1000076,bridge,bridge 25,23.572166,90.6451108,45.999999999999375
N1,1000077,bridge,bridge 26,23.5718327,90.6453052,646.0000000000008
N1,1000078,link,link 52,23.5666111,90.6481663,367.9999999999985
N1,1000079,bridge,bridge 27,23.5639167,90.6501944,38.000000000000256
N1,1000080,bridge,bridge 28,23.5636944,90.6504722,532.0
N1,1000081,bridge,bridge 29,23.5604167,90.6542222,38.000000000000256
N1,1000082,bridge,bridge 30,23.5602222,90.6545,39.00000000000148
N1,1000083,link,link 53,23.5599722,90.6548056,161.99999999999903
N1,1000084,link,link 54,23.5590278,90.6559444,411.99999999999903
N1,1000085,bridge,bridge 31,23.5564444,90.6588611,40.0000000000027
N1,1000086,bridge,bridge 32,23.5562222,90.6591389,394.99999999999955
N1,1000087,link,link 55,23.5538056,90.6619722,241.99999999999733
N1,1000088,link,link 56,23.5523333,90.6636667,582.0000000000007
N1,1000089,link,link 57,23.5487497,90.6678327,224.00000000000375
N1,1000090,bridge,bridge 33,23.5474163,90.6694438,76.99999999999818
N1,1000091,bridge,bridge 34,23.5469441,90.6699993,442.99999999999784
N1,1000092,link,link 58,23.5442219,90.6731104,256.0000000000002
N1,1000093,link,link 59,23.542583,90.6749438,1000.0
N1,1000094,link,link 60,23.5362497,90.681916,33.99999999999892
N1,1000095,bridge,bridge 35,23.536083,90.6821382,39.99999999999915
N1,1000096,bridge,bridge 36,23.5358608,90.6823604,275.0000000000057
N1,1000097,link,link 61,23.5341386,90.6843052,650.9999999999962
N1,1000098,link,link 62,23.5301938,90.688833,664.0000000000015
N1,1000099,bridge,bridge 37,23.529916,90.6952219,335.9999999999985
N1,1000100,link,link 63,23.5301382,90.6984997,1000.0
N1,1000101,link,link 64,23.5307493,90.7082778,78.00000000000296
N1,1000102,bridge,bridge 38,23.5307771,90.7090278,354.9999999999969
N1,1000103,link,link 65,23.5313882,90.7153611,426.00000000000193
N1,1000104,link,link 66,23.5314716,90.7172216,76.99999999999818
N1,1000105,bridge,bridge 39,23.5315271,90.7173604,17.000000000003013
N1,1000106,bridge,bridge 40,23.5315827,90.7176104,46.999999999997044
N1,1000107,link,link 67,23.5317216,90.7180271,512.9999999999982
N1,1000108,link,link 68,23.5322346,90.7226298386,487.0000000000019
N1,1000109,link,link 69,23.5327216,90.7269993,1000.0
N1,1000110,link,link 70,23.528916,90.7356108,654.0000000000034
N1,1000111,link,link 71,23.5289993,90.7419441,966.9999999999987
N1,1000112,bridge,bridge 41,23.5293882,90.7514167,16.999999999995907
N1,1000113,bridge,bridge 42,23.5293882,90.7515833,24.00000000000091
N1,1000114,link,link 72,23.529416,90.75175,1000.0
N1,1000115,link,link 73,23.5299993,90.7615,1000.0
N1,1000116,link,link 74,23.5304438,90.7713049,185.00000000000227
N1,1000117,link,link 75,23.5304993,90.7731104,814.9999999999977
N1,1000118,link,link 76,23.5308049,90.7811104,53.00000000000438
N1,1000119,link,link 77,23.5307493,90.7816104,65.9999999999954
N1,1000120,link,link 78,23.530666,90.7821938,773.0000000000032
N1,1000121,link,link 79,23.5312216,90.7895552,107.99999999999699
N1,1000122,link,link 80,23.531166,90.7907219,954.9999999999983
N1,1000123,link,link 81,23.5306938,90.7924441,45.000000000001705
N1,1000124,link,link 82,23.5308604,90.8002222,402.9999999999987
N1,1000125,bridge,bridge 43,23.5308882,90.8041389,20.000000000003126
N1,1000126,bridge,bridge 44,23.530916,90.8043611,576.9999999999982
N1,1000127,link,link 83,23.5316382,90.8099167,1000.0
N1,1000128,link,link 84,23.5332493,90.8194716,594.0000000000011
N1,1000129,bridge,bridge 45,23.5346663,90.8249716,15.999999999998238
N1,1000130,bridge,bridge 46,23.5347219,90.8251104,390.00000000000057
N1,1000131,link,link 85,23.5344997,90.8287216,1000.0
N1,1000132,link,link 86,23.5292216,90.8365274,367.00000000000443
N1,1000133,link,link 87,23.5270549,90.8391386,632.9999999999956
N1,1000134,link,link 88,23.523166,90.8438886,1000.0
N1,1000135,link,link 89,23.5174993,90.8513889,1000.0
N1,1000136,link,link 90,23.5170827,90.8607778,1000.0
N1,1000137,link,link 91,23.5135833,90.8697771,64.00000000000006
N1,1000138,bridge,bridge 47,23.5133056,90.8703049,42.00000000000159
N1,1000139,bridge,bridge 48,23.5131111,90.8706382,101.99999999999676
N1,1000140,link,link 92,23.5126667,90.871416,792.0000000000016
N1,1000141,link,link 93,23.5088056,90.8778604,1000.0
N1,1000142,link,link 94,23.506,90.8869163,922.0000000000041
N1,1000143,link,link 95,23.5056111,90.8958886,77.99999999999585
N1,1000144,link,link 96,23.5056389,90.8966108,1000.0
N1,1000145,link,link 97,23.5062778,90.9063889,911.0000000000014
N1,1000146,link,link 98,23.50575,90.91525,88.99999999999864
N1,1000147,link,link 99,23.5057222,90.9160278,1000.0
N1,1000148,link,link 100,23.5055278,90.9257216,1000.0
N1,1000149,link,link 101,23.5042778,90.9354163,9.000000000000341
N1,1000150,link,link 102,23.5043333,90.9354719,264.0000000000029
N1,1000151,link,link 103,23.5038611,90.9371386,351.99999999999676
N1,1000152,link,link 104,23.5028611,90.9412774,375.0
N1,1000153,link,link 105,23.5020278,90.9448886,1000.000000000007
N1,1000154,link,link 106,23.4995274,90.9541667,1000.0
N1,1000155,link,link 107,23.4986386,90.9651111,274.0000000000009
N1,1000156,link,link 108,23.4980552,90.9660278,182.99999999999272
N1,1000157,link,link 109,23.4972774,90.9674716,1000.0
N1,1000158,link,link 110,23.4942219,90.9765549,694.0000000000026
N1,1000159,link,link 111,23.4951386,90.9829993,305.9999999999974
N1,1000160,link,link 112,23.4942497,90.985833,1000.0
N1,1000161,link,link 113,23.4911386,90.9950274,890.0000000000006
N1,1000162,link,link 114,23.4894441,91.0033056,22.00000000000557
N1,1000163,link,link 115,23.4893886,91.0034722,70.99999999999795
N1,1000164,link,link 116,23.4896108,91.0043056,733.9999999999947
N1,1000165,link,link 117,23.4893052,91.0112778,84.00000000000318
N1,1000166,bridge,bridge 49,23.4890552,91.0120278,30.000000000001137
N1,1000167,bridge,bridge 50,23.4889441,91.01225,197.9999999999933
N1,1000168,link,link 118,23.488333,91.0140833,1020.0000000000102
N1,1000169,link,link 119,23.4846386,91.0229438,1000.0
N1,1000170,link,link 120,23.4827771,91.0321382,912.9999999999967
N1,1000171,link,link 121,23.481166,91.0404441,140.99999999999113
N1,1000172,link,link 122,23.4814716,91.0419719,871.0000000000093
N1,1000173,link,link 123,23.4820827,91.0504167,128.99999999999068
N1,1000174,link,link 124,23.4821382,91.0516944,760.0000000000051
N1,1000175,link,link 125,23.4815271,91.0590278,239.99999999999488
N1,1000176,link,link 126,23.4815549,91.0613611,1000.0
N1,1000177,link,link 127,23.4801104,91.0706382,944.0000000000026
N1,1000178,link,link 128,23.4770827,91.0789993,55.999999999997385
N1,1000179,link,link 129,23.4770271,91.0794716,1000.0
N1,1000180,link,link 130,23.4781938,91.0889997,1000.0
N1,1000181,link,link 131,23.4775549,91.0986663,513.0000000000052
N1,1000182,link,link 132,23.4778604,91.1036111,486.99999999999477
N1,1000183,link,link 133,23.4779993,91.1055278,972.0000000000084
N1,1000184,link,link 134,23.4789438,91.1177216,27.999999999991587
N1,1000185,link,link 135,23.4789716,91.1179993,17.000000000010118
N1,1000186,link,link 136,23.4789716,91.118166,546.999999999997
N1,1000187,link,link 137,23.4793327,91.1234716,435.99999999999284
N1,1000188,link,link 138,23.4800827,91.1276382,1000.0
N1,1000189,link,link 139,23.4767216,91.1364441,1000.0
N1,1000190,link,link 140,23.4682216,91.1394441,1000.0
N1,1000191,link,link 141,23.4595833,91.1421386,68.00000000001205
N1,1000192,link,link 142,23.459,91.142333,931.999999999988
N1,1000193,link,link 143,23.4513056,91.1460552,303.0000000000115
N1,1000194,bridge,bridge 51,23.448833,91.1471386,24.00000000000091
N1,1000195,bridge,bridge 52,23.4486386,91.1472497,209.99999999999375
N1,1000196,link,link 144,23.4469441,91.1481386,462.99999999999386
N1,1000197,link,link 145,23.4425274,91.1497774,684.0000000000117
N1,1000198,link,link 146,23.4373886,91.1521944,1000.0
N1,1000199,link,link 147,23.4288882,91.1553889,979.9999999999898
N1,1000200,link,link 148,23.4236938,91.1626944,28.000000000005798
N1,1000201,bridge,bridge 53,23.4235827,91.1629722,37.00000000000614
N1,1000202,bridge,bridge 54,23.423416,91.1632778,507.99999999999557
N1,1000203,link,link 149,23.4213604,91.167666,426.9999999999925
N1,1000204,link,link 150,23.4195271,91.171416,90.00000000000341
N1,1000205,link,link 151,23.4191382,91.1721938,537.9999999999967
N1,1000206,link,link 152,23.4149444,91.1801382,511.0000000000099
N1,1000207,bridge,bridge 55,23.4131111,91.1846663,27.999999999991587
N1,1000208,bridge,bridge 56,23.4130556,91.1849163,460.9999999999985
N1,1000209,link,link 153,23.4125,91.1893886,1008.0000000000098
N1,1000210,link,link 154,23.4113056,91.1988886,1027.000000000001
N1,1000211,link,link 155,23.4100833,91.2087778,36.99999999999193
N1,1000212,link,link 156,23.4100278,91.2090833,980.000000000004
N1,1000213,link,link 157,23.4048056,91.2165278,171.99999999999704
N1,1000214,bridge,bridge 57,23.40375,91.2176382,28.999999999996362
N1,1000215,bridge,bridge 58,23.4035556,91.2178049,799.0000000000066
N1,1000216,link,link 158,23.398213447804338,91.22288776581436,1000.0
N1,1000217,link,link 159,23.3915274,91.2292493,10.000000000005116
N1,1000218,link,link 160,23.3914441,91.2293049,891.9999999999959
N1,1000219,link,link 161,23.385083,91.2345552,15.000000000000568
N1,1000220,link,link 162,23.3849719,91.2346108,82.99999999999841
N1,1000221,link,link 163,23.3843886,91.2351108,897.9999999999961
N1,1000222,bridge,bridge 59,23.3779716,91.2403608,30.000000000001137
N1,1000223,bridge,bridge 60,23.3777493,91.2405274,72.00000000000273
N1,1000224,link,link 164,23.377166,91.2409163,1000.0
N1,1000225,link,link 165,23.3695827,91.2462774,170.99999999999227
N1,1000226,link,link 166,23.3683327,91.2471108,904.0000000000106
N1,1000227,link,link 167,23.3615278,91.2515556,365.99999999999966
N1,1000228,bridge,bridge 61,23.3586389,91.25325,24.00000000000091
N1,1000229,bridge,bridge 62,23.3584444,91.2533333,609.9999999999994
N1,1000230,link,link 168,23.3536944,91.2561389,686.9999999999976
N1,1000231,link,link 169,23.3486386,91.2599444,313.0000000000024
N1,1000232,link,link 170,23.3463608,91.2616944,1000.0
N1,1000233,link,link 171,23.3390552,91.2672216,443.9999999999884
N1,1000234,bridge,bridge 63,23.3360274,91.2700549,44.00000000001114
N1,1000235,bridge,bridge 64,23.3357219,91.2703049,143.00000000000068
N1,1000236,link,link 172,23.3347219,91.271166,368.9999999999998
N1,1000237,link,link 173,23.3321938,91.2734716,1000.0
N1,1000238,link,link 174,23.3246382,91.278666,72.99999999999329
N1,1000239,bridge,bridge 65,23.324166,91.2791104,10.000000000005116
N1,1000240,bridge,bridge 66,23.3240827,91.279166,917.0000000000016
N1,1000241,link,link 175,23.3171382,91.2836941,269.999999999996
N1,1000242,bridge,bridge 67,23.3149444,91.2844719,19.000000000005457
N1,1000243,bridge,bridge 68,23.31475,91.2845552,597.999999999999
N1,1000244,link,link 176,23.3096389,91.2861386,112.99999999999955
N1,1000245,link,link 177,23.3086944,91.2864163,546.999999999997
N1,1000246,link,link 178,23.30425,91.288583,453.00000000000296
N1,1000247,link,link 179,23.3006111,91.290333,518.9999999999912
N1,1000248,bridge,bridge 69,23.296083,91.2914997,14.000000000010004
N1,1000249,bridge,bridge 70,23.2959719,91.2915274,466.99999999999875
N1,1000250,link,link 180,23.2919163,91.2922219,501.99999999999534
N1,1000251,link,link 181,23.2876663,91.2936386,498.00000000000466
N1,1000252,link,link 182,23.283583,91.2952219,774.0000000000009
N1,1000253,link,link 183,23.2787216,91.3002778,225.9999999999991
N1,1000254,link,link 184,23.2768882,91.3011944,1000.0
N1,1000255,link,link 185,23.2686382,91.3049722,115.99999999999966
N1,1000256,link,link 186,23.2677493,91.3054722,277.000000000001
N1,1000257,link,link 187,23.2654444,91.3064444,202.99999999998875
N1,1000258,link,link 188,23.2636667,91.30675,404.0000000000106
N1,1000259,link,link 189,23.2601111,91.3072778,155.9999999999917
N1,1000260,link,link 190,23.2587222,91.3074444,844.0000000000083
N1,1000261,link,link 191,23.2511944,91.3086389,173.99999999999238
N1,1000262,link,link 192,23.249833,91.3091944,186.00000000000705
N1,1000263,bridge,bridge 71,23.248333,91.3098056,22.999999999996135
N1,1000264,bridge,bridge 72,23.2481663,91.3098889,346.9999999999942
N1,1000265,link,link 193,23.2452774,91.3110556,270.00000000001023
N1,1000266,link,link 194,23.243083,91.3119167,162.9999999999967
N1,1000267,link,link 195,23.2416941,91.3123611,816.9999999999931
N1,1000268,link,link 196,23.2344997,91.3131667,20.000000000010232
N1,1000269,link,link 197,23.2343052,91.3131667,314.9999999999977
N1,1000270,link,link 198,23.2314993,91.3132222,447.9999999999933
N1,1000271,link,link 199,23.2275549,91.3135278,237.00000000000898
N1,1000272,link,link 200,23.2253882,91.3135833,449.99999999998863
N1,1000273,link,link 201,23.221416,91.3137222,328.00000000000296
N1,1000274,link,link 202,23.2184993,91.3143889,222.0000000000084
N1,1000275,link,link 203,23.2165556,91.3149167,717.9999999999893
N1,1000276,link,link 204,23.2103056,91.3157222,282.0000000000107
N1,1000277,link,link 205,23.2078889,91.3159722,771.0000000000008
N1,1000278,link,link 206,23.201,91.3168049,228.9999999999992
N1,1000279,link,link 207,23.1990274,91.3170549,864.9999999999949
N1,1000280,link,link 208,23.1921108,91.3185549,135.00000000000512
N1,1000281,link,link 209,23.1909997,91.3192493,522.9999999999961
N1,1000282,bridge,bridge 73,23.1866941,91.3212493,12.000000000000455
N1,1000283,bridge,bridge 74,23.1866108,91.3212771,465.0000000000034
N1,1000284,link,link 210,23.1826382,91.3210827,613.9999999999901
N1,1000285,link,link 211,23.1773604,91.3198049,515.0000000000006
N1,1000286,link,link 212,23.172916,91.3205271,546.0000000000065
N1,1000287,bridge,bridge 75,23.1681382,91.3213604,13.999999999995794
N1,1000288,bridge,bridge 76,23.1680549,91.3213604,439.9999999999977
N1,1000289,link,link 213,23.1641389,91.3214993,792.0000000000016
N1,1000290,link,link 214,23.1571667,91.3224993,207.9999999999984
N1,1000291,link,link 215,23.1554167,91.3232771,631.9999999999908
N1,1000292,link,link 216,23.1496941,91.3254993,269.00000000000546
N1,1000293,link,link 217,23.1480274,91.3264993,99.00000000001796
N1,1000294,link,link 218,23.1471663,91.3266938,420.99999999999227
N1,1000295,link,link 219,23.1433886,91.326666,579.0000000000077
N1,1000296,link,link 220,23.1382219,91.3263049,102.00000000000387
N1,1000297,link,link 221,23.1374163,91.3264716,897.9999999999961
N1,1000298,link,link 222,23.1295827,91.3284993,69.99999999999318
N1,1000299,link,link 223,23.1290827,91.3287216,675.0000000000114
N1,1000300,link,link 224,23.1234993,91.3311382,254.99999999999545
N1,1000301,link,link 225,23.1213327,91.3320549,247.99999999999045
N1,1000302,link,link 226,23.1193049,91.3329993,27.999999999991587
N1,1000303,link,link 227,23.1191382,91.3330827,1000.0
N1,1000304,link,link 228,23.1113611,91.3378052,75.00000000001705
N1,1000305,link,link 229,23.1108056,91.3381386,719.9999999999989
N1,1000306,link,link 230,23.1051111,91.3413608,204.99999999998408
N1,1000307,link,link 231,23.1035,91.3422497,367.999999999995
N1,1000308,link,link 232,23.1005833,91.3437774,550.0000000000114
N1,1000309,link,link 233,23.0961941,91.3461108,81.99999999999363
N1,1000310,link,link 234,23.095583,91.3464441,688.0000000000166
N1,1000311,link,link 235,23.0901108,91.3494163,311.9999999999834
N1,1000312,link,link 236,23.0876108,91.3508889,344.99999999999886
N1,1000313,link,link 237,23.0849719,91.3524722,527.0000000000152
N1,1000314,bridge,bridge 77,23.0808049,91.3548611,16.999999999995907
N1,1000315,bridge,bridge 78,23.0806938,91.3549444,193.00000000001205
N1,1000316,link,link 238,23.0792493,91.3558333,765.9999999999911
N1,1000317,link,link 239,23.0732493,91.3594167,234.00000000000887
N1,1000318,link,link 240,23.0712493,91.3599722,274.99999999997726
N1,1000319,link,link 241,23.0688604,91.3607222,611.0000000000184
N1,1000320,link,link 242,23.0636944,91.3616389,18.000000000000682
N1,1000321,link,link 243,23.0635278,91.3616389,229.99999999998977
N1,1000322,link,link 244,23.0614722,91.3616667,882.000000000005
N1,1000323,link,link 245,23.0538611,91.3637222,500.0
N1,1000324,link,link 246,23.0479441,91.3651389,520.9999999999866
N1,1000325,link,link 247,23.0449719,91.3653611,195.99999999999795
N1,1000326,link,link 248,23.0427774,91.3654444,336.00000000001273
N1,1000327,link,link 249,23.0398052,91.3656111,467.9999999999893
N1,1000328,link,link 250,23.0360274,91.36575,735.0000000000136
N1,1000329,link,link 251,23.029416,91.3656389,287.00000000000614
N1,1000330,link,link 252,23.0269716,91.3655,239.99999999998067
N1,1000331,link,link 253,23.0248327,91.3655278,760.9999999999957
N1,1000332,link,link 254,23.0193604,91.3697771,151.00000000001046
N1,1000333,link,link 255,23.0185271,91.3708327,723.9999999999895
N1,1000334,link,link 256,23.0140833,91.3759716,125.0
N1,1000335,link,link 257,23.0132778,91.3769438,614.0000000000043
N1,1000336,link,link 258,23.0095556,91.3813604,1407.0000000000107
N1,1000337,link,link 259,23.0018889,91.3920552,1000.0
N1,1000338,link,link 260,22.9963886,91.3998052,85.00000000000796
N1,1000339,bridge,bridge 79,22.9961941,91.4005,22.999999999996135
N1,1000340,bridge,bridge 80,22.9960552,91.4006667,917.0000000000016
N1,1000341,link,link 261,22.9906941,91.4072222,447.9999999999791
N1,1000342,link,link 262,22.9877774,91.41,296.0000000000207
N1,1000343,link,link 263,22.9858886,91.4120556,256.0000000000002
N1,1000344,link,link 264,22.9842219,91.4137222,1050.9999999999877
N1,1000345,link,link 265,22.9774438,91.4205827,1000.0
N1,1000346,link,link 266,22.9711382,91.4273882,1000.0
N1,1000347,link,link 267,22.9663333,91.4356108,780.0000000000011
N1,1000348,bridge,bridge 81,22.9624167,91.4416941,109.00000000000887
N1,1000349,bridge,bridge 82,22.9618056,91.4424997,110.99999999999
N1,1000350,link,link 268,22.9611667,91.4433886,1043.0000000000064
N1,1000351,link,link 269,22.9561389,91.4517778,1000.0
N1,1000352,link,link 270,22.9514444,91.4600278,1012.0000000000005
N1,1000353,link,link 271,22.9479997,91.4689993,737.9999999999995
N1,1000354,link,link 272,22.9483608,91.4761382,262.00000000000045
N1,1000355,link,link 273,22.9484997,91.4786938,1008.0000000000098
N1,1000356,link,link 274,22.9497497,91.4883608,1000.0
N1,1000357,link,link 275,22.9497774,91.4980274,287.9999999999825
N1,1000358,bridge,bridge 83,22.9496663,91.5007778,211.00000000001273
N1,1000359,bridge,bridge 84,22.949583,91.5027778,508.99999999998613
N1,1000360,link,link 276,22.9482774,91.50725,618.9999999999998
N1,1000361,link,link 277,22.9439441,91.5108611,381.0000000000002
N1,1000362,link,link 278,22.940833,91.5124444,1000.0
N1,1000363,link,link 279,22.9329716,91.5172216,1000.0
N1,1000364,link,link 280,22.9248882,91.5213327,1000.0
N1,1000365,link,link 281,22.9167216,91.5253882,134.00000000001455
N1,1000366,bridge,bridge 85,22.9156667,91.5259438,227.99999999998022
N1,1000367,bridge,bridge 86,22.9138056,91.5268604,638.0000000000052
N1,1000368,link,link 282,22.9085833,91.5294993,463.99999999999864
N1,1000369,link,link 283,22.9046667,91.5314438,536.0000000000014
N1,1000370,link,link 284,22.9003333,91.5333608,82.99999999999841
N1,1000371,link,link 285,22.8994441,91.5336108,637.0000000000005
N1,1000372,link,link 286,22.8939997,91.5346941,112.99999999999955
N1,1000373,link,link 287,22.8929719,91.5350274,104.00000000001342
N1,1000374,link,link 288,22.8921663,91.5353052,62.99999999998818
N1,1000375,link,link 289,22.8916386,91.5354719,1000.0
N1,1000376,link,link 290,22.8829993,91.5381663,914.999999999992
N1,1000377,link,link 291,22.875166,91.5407219,85.00000000000796
N1,1000378,link,link 292,22.8744438,91.5409719,162.00000000000614
N1,1000379,link,link 293,22.8731382,91.5414441,556.0000000000116
N1,1000380,link,link 294,22.868416,91.5431663,281.99999999998226
N1,1000381,link,link 295,22.8661111,91.5439997,575.9999999999934
N1,1000382,link,link 296,22.86111772310757,91.54512584501992,177.00000000002092
N1,1000383,link,link 297,22.8595833,91.5454719,246.99999999998568
N1,1000384,link,link 298,22.8575556,91.5456386,164.99999999999204
N1,1000385,link,link 299,22.856,91.5457219,113.00000000002797
N1,1000386,link,link 300,22.8550556,91.545833,721.99999999998
N1,1000387,link,link 301,22.8486663,91.5463608,16.999999999995907
N1,1000388,bridge,bridge 87,22.8485274,91.5463886,10.000000000019327
N1,1000389,bridge,bridge 88,22.8484441,91.5464163,379.99999999999545
N1,1000390,link,link 302,22.8452219,91.5475274,240.0000000000091
N1,1000391,link,link 303,22.8432497,91.5482219,352.9999999999802
N1,1000392,link,link 304,22.8401941,91.5490552,313.99999999999295
N1,1000393,link,link 305,22.8372497,91.5492497,686.000000000007
N1,1000394,link,link 306,22.8313882,91.5503611,872.0000000000141
N1,1000395,link,link 307,22.8239438,91.5528333,127.9999999999859
N1,1000396,link,link 308,22.8228049,91.5531389,1000.0
N1,1000397,link,link 309,22.8141389,91.5555833,340.0000000000034
N1,1000398,link,link 310,22.8110556,91.5563889,406.0000000000059
N1,1000399,link,link 311,22.808,91.5579167,252.00000000000955
N1,1000400,link,link 312,22.8059722,91.5589167,1.999999999981128
N1,1000401,link,link 313,22.8059444,91.5589167,155.00000000000114
N1,1000402,link,link 314,22.8045833,91.5591111,844.9999999999989
N1,1000403,link,link 315,22.7974719,91.5613611,492.999999999995
N1,1000404,link,link 316,22.7934163,91.5633333,472.0000000000084
N1,1000405,link,link 317,22.7896108,91.5654444,34.99999999999659
N1,1000406,link,link 318,22.7893608,91.5655833,993.9999999999998
N1,1000407,bridge,bridge 89,22.7813327,91.5695271,6.000000000000227
N1,1000408,link,link 319,22.7812216,91.5695827,15.00000000001478
N1,1000409,bridge,bridge 90,22.7811382,91.5696382,485.99999999999
N1,1000410,link,link 320,22.7771104,91.5713327,474.9999999999943
N1,1000411,link,link 321,22.7732771,91.5733604,24.00000000000091
N1,1000412,link,link 322,22.7730271,91.5734716,468.9999999999941
N1,1000413,link,link 323,22.7693604,91.5756104,2.0000000000095497
N1,1000414,link,link 324,22.7661944,91.5779993,528.9999999999964
N1,1000415,link,link 325,22.7654722,91.5785549,453.00000000000296
N1,1000416,link,link 326,22.7621944,91.5811382,546.999999999997
N1,1000417,link,link 327,22.7585278,91.5845274,819.9999999999932
N1,1000418,bridge,bridge 91,22.7526389,91.5893608,23.000000000024556
N1,1000419,bridge,bridge 92,22.7525,91.5894719,156.99999999998226
N1,1000420,link,link 328,22.7513333,91.5903608,231.99999999999932
N1,1000421,link,link 329,22.7496386,91.5916386,768.0000000000007
N1,1000422,link,link 330,22.7435552,91.5949163,32.00000000001069
N1,1000423,link,link 331,22.7433052,91.5950274,967.9999999999893
N1,1000424,link,link 332,22.7349997,91.5979441,12.000000000000455
N1,1000425,link,link 333,22.7349163,91.5979719,987.9999999999995
N1,1000426,link,link 334,22.7263882,91.6007778,539.0000000000157
N1,1000427,link,link 335,22.7221104,91.6030833,460.9999999999843
N1,1000428,link,link 336,22.7185549,91.6053056,260.0000000000193
N1,1000429,link,link 337,22.7165556,91.6065556,74.99999999998863
N1,1000430,link,link 338,22.716,91.6069167,215.0000000000034
N1,1000431,link,link 339,22.7143889,91.6079444,256.0000000000002
N1,1000432,link,link 340,22.7124167,91.6090556,606.9999999999993
N1,1000433,link,link 341,22.7076111,91.6118056,137.00000000000045
N1,1000434,link,link 342,22.7065556,91.6123611,67.99999999998363
N1,1000435,link,link 343,22.706,91.6126944,342.00000000001296
N1,1000436,link,link 344,22.7033056,91.6142222,381.0000000000002
N1,1000437,link,link 345,22.7002222,91.6157778,219.99999999999886
N1,1000438,link,link 346,22.6984997,91.616666,783.9999999999918
N1,1000439,link,link 347,22.6919719,91.6198604,216.00000000000819
N1,1000440,link,link 348,22.6904163,91.6205271,98.00000000001319
N1,1000441,link,link 349,22.689583,91.6208327,543.9999999999827
N1,1000442,link,link 350,22.685083,91.6228327,317.0000000000073
N1,1000443,link,link 351,22.6825549,91.6241938,669.9999999999875
N1,1000444,link,link 352,22.6769438,91.6268327,230.99999999999454
N1,1000445,link,link 353,22.6751382,91.6274438,99.00000000001796
N1,1000446,link,link 354,22.6743049,91.6277493,120.00000000000455
N1,1000447,link,link 355,22.6733049,91.6280827,131.00000000000023
N1,1000448,link,link 356,22.6722493,91.6285271,506.0000000000002
N1,1000449,link,link 357,22.6678604,91.6301104,370.00000000000455
N1,1000450,link,link 358,22.6649167,91.6315549,137.9999999999768
N1,1000451,link,link 359,22.6638333,91.6321382,540.0000000000205
N1,1000452,link,link 360,22.6596667,91.6347219,322.00000000000273
N1,1000453,link,link 361,22.6571389,91.636333,356.9999999999993
N1,1000454,link,link 362,22.6543889,91.6381386,208.99999999997476
N1,1000455,link,link 363,22.6527778,91.6391663,411.00000000000136
N1,1000456,link,link 364,22.6494997,91.640833,67.00000000000728
N1,1000457,link,link 365,22.6489997,91.6411108,462.99999999999386
N1,1000458,link,link 366,22.6452774,91.6430552,469.99999999999886
N1,1000459,link,link 367,22.641583,91.6451108,974.000000000018
N1,1000460,link,link 368,22.6338608,91.6494719,86.99999999998909
N1,1000461,link,link 369,22.6330827,91.649833,134.9999999999909
N1,1000462,link,link 370,22.6320271,91.6503889,782.0000000000107
N1,1000463,link,link 371,22.625916,91.6541389,82.99999999999841
N1,1000464,link,link 372,22.6252216,91.6545278,218.9999999999941
N1,1000465,link,link 373,22.6234716,91.6553056,332.9999999999984
N1,1000466,link,link 374,22.6206938,91.6563611,163.0000000000109
N1,1000467,bridge,bridge 93,22.6194993,91.6568889,20.000000000010232
N1,1000468,bridge,bridge 94,22.6180271,91.6578333,252.9999999999859
N1,1000469,link,link 375,22.6175271,91.65825,91.00000000000819
N1,1000470,link,link 376,22.6169716,91.65875,15.999999999991132
N1,1000471,link,link 377,22.6168604,91.6588611,611.9999999999948
N1,1000472,link,link 378,22.6123889,91.6622222,372.0000000000141
N1,1000473,link,link 379,22.6094444,91.6638333,72.00000000000273
N1,1000474,link,link 380,22.6088889,91.6641111,951.9999999999982
N1,1000475,link,link 381,22.6015833,91.6688327,129.99999999999545
N1,1000476,link,link 382,22.601,91.6692771,115.0000000000091
N1,1000477,link,link 383,22.6000556,91.6699438,48.99999999997817
N1,1000478,link,link 384,22.5994441,91.6703049,681.0000000000116
N1,1000479,link,link 385,22.5942219,91.6737771,25.000000000005684
N1,1000480,link,link 386,22.5939997,91.6738327,407.99999999998704
N1,1000481,link,link 387,22.5907497,91.6754716,757.000000000005
N1,1000482,link,link 388,22.584583,91.6780827,116.99999999999022
N1,1000483,bridge,bridge 95,22.5836663,91.6784716,26.00000000001046
N1,1000484,bridge,bridge 96,22.5834997,91.6785827,342.9999999999893
N1,1000485,link,link 389,22.580666,91.6799438,331.0000000000173
N1,1000486,link,link 390,22.5779438,91.6811382,182.99999999999272
N1,1000487,link,link 391,22.5763604,91.6818049,377.00000000000955
N1,1000488,bridge,bridge 97,22.5731938,91.6830827,18.000000000000682
N1,1000489,bridge,bridge 98,22.5730549,91.6831938,604.9999999999898
N1,1000490,link,link 392,22.5679716,91.6846941,177.99999999999727
N1,1000491,link,link 393,22.5664722,91.6851663,275.0000000000057
N1,1000492,bridge,bridge 99,22.5641389,91.6859163,14.000000000010004
N1,1000493,bridge,bridge 100,22.564,91.6859441,216.99999999998454
N1,1000494,link,link 394,22.5624722,91.6863608,316.0000000000025
N1,1000495,link,link 395,22.5594444,91.6872219,938.999999999993
N1,1000496,link,link 396,22.5514167,91.6896941,144.00000000000546
N1,1000497,bridge,bridge 101,22.5503056,91.6902774,31.00000000000591
N1,1000498,bridge,bridge 102,22.5501667,91.6903886,824.9999999999886
N1,1000499,link,link 397,22.5438886,91.6945274,118.99999999999977
N1,1000500,link,link 398,22.5428608,91.6950274,882.000000000005
N1,1000501,link,link 399,22.5354997,91.6979441,90.00000000000341
N1,1000502,link,link 400,22.5347774,91.698333,909.9999999999966
N1,1000503,link,link 401,22.5273049,91.7019444,956.9999999999936
N1,1000504,bridge,bridge 103,22.519416,91.7053611,18.000000000000682
N1,1000505,bridge,bridge 104,22.519265407228914,91.70540328072288,64.99999999999773
N1,1000506,link,link 402,22.5187216,91.7055556,276.00000000001046
N1,1000507,bridge,bridge 105,22.5165556,91.7065833,45.000000000015916
N1,1000508,bridge,bridge 106,22.5161667,91.70675,181.99999999998795
N1,1000509,link,link 403,22.5147222,91.7074444,193.9999999999884
N1,1000510,bridge,bridge 107,22.5131389,91.7080833,40.99999999999682
N1,1000511,bridge,bridge 108,22.5127778,91.7082222,262.00000000000045
N1,1000512,link,link 404,22.5106111,91.7090833,144.00000000000546
N1,1000513,bridge,bridge 109,22.5094444,91.7096389,12.000000000000455
N1,1000514,bridge,bridge 110,22.5093611,91.7096944,239.00000000000432
N1,1000515,bridge,bridge 111,22.5074444,91.7105556,18.000000000000682
N1,1000516,bridge,bridge 112,22.5073056,91.7106389,530.0000000000011
N1,1000517,link,link 405,22.503,91.7128056,56.99999999998795
N1,1000518,link,link 406,22.5025556,91.7130556,685.0000000000023
N1,1000519,bridge,bridge 113,22.4969163,91.7155556,19.000000000005457
N1,1000520,bridge,bridge 114,22.4968052,91.7156389,295.99999999999227
N1,1000521,link,link 407,22.494583,91.7170827,887.0000000000005
N1,1000522,link,link 408,22.4869441,91.7192771,174.0000000000066
N1,1000523,link,link 409,22.4854163,91.7195549,296.99999999999704
N1,1000524,link,link 410,22.48280706570156,91.72005100244988,600.9999999999991
N1,1000525,bridge,bridge 115,22.4775271,91.7210549,25.000000000005684
N1,1000526,bridge,bridge 116,22.4773049,91.7211104,88.99999999999864
N1,1000527,link,link 411,22.4765271,91.7213327,883.0000000000098
N1,1000528,link,link 412,22.4694438,91.7250549,135.99999999999568
N1,1000529,link,link 413,22.468416,91.7255827,1000.0
N1,1000530,link,link 414,22.4603056,91.7295827,183.9999999999975
N1,1000531,bridge,bridge 117,22.4588333,91.7303604,26.00000000001046
N1,1000532,bridge,bridge 118,22.4586389,91.7304716,807.9999999999927
N1,1000533,link,link 415,22.45182350044248,91.7331283022124,1000.0
N1,1000534,link,link 416,22.4433886,91.7364163,104.00000000001342
N1,1000535,bridge,bridge 119,22.4424997,91.7366663,30.99999999997749
N1,1000536,bridge,bridge 120,22.4422219,91.7367497,925.0000000000114
N1,1000537,link,link 417,22.4349719,91.7396941,137.00000000000045
N1,1000538,link,link 418,22.4333049,91.7403608,311.00000000000705
N1,1000539,bridge,bridge 121,22.4307493,91.7415274,42.999999999977945
N1,1000540,bridge,bridge 122,22.4304438,91.7417219,449.0000000000123
N1,1000541,link,link 419,22.4269716,91.7439997,1000.0
N1,1000542,link,link 420,22.4198882,91.7497774,164.99999999999204
N1,1000543,bridge,bridge 123,22.4185549,91.7504722,38.000000000010914
N1,1000544,bridge,bridge 124,22.4182771,91.7506667,796.999999999997
N1,1000545,link,link 421,22.4119167,91.7543611,199.99999999998863
N1,1000546,link,link 422,22.4101111,91.7544444,206.00000000001728
N1,1000547,link,link 423,22.4084167,91.7551389,1.999999999981128
N1,1000548,link,link 424,22.40839921010101,91.75514357643098,592.000000000013
N1,1000549,link,link 425,22.4032222,91.7565278,400.0000000000057
N1,1000550,link,link 426,22.3996108,91.7573333,103.999999999985
N1,1000551,bridge,bridge 125,22.3988608,91.7576667,7.000000000005002
N1,1000552,bridge,bridge 126,22.3988052,91.7576667,489.0000000000043
N1,1000553,link,link 427,22.3944997,91.7586944,58.9999999999975
N1,1000554,link,link 428,22.3937774,91.7588056,217.00000000001296
N1,1000555,link,link 429,22.3921108,91.75925,350.9999999999991
N1,1000556,bridge,bridge 127,22.3892497,91.7605,58.9999999999975
N1,1000557,bridge,bridge 128,22.3887497,91.7607222,313.99999999999295
N1,1000558,link,link 430,22.3861663,91.7618333,625.0
N1,1000559,link,link 431,22.3815271,91.7652222,375.0
N1,1000560,link,link 432,22.379166,91.7675827,436.00000000000705
N1,1000561,bridge,bridge 129,22.3764716,91.770416,19.000000000005457
N1,1000562,bridge,bridge 130,22.3762254893617,91.77054326631206,544.9999999999875
N1,1000563,link,link 433,22.369166,91.7741938,555.0000000000068
N1,1000564,link,link 434,22.3691382,91.777666,192.99999999998363
N1,1000565,link,link 435,22.3586667,91.7822771,8308.999999999998
N1,1000566,link,link 436,22.3644444,91.8511111,393.0000000000007
N1,1000567,link,link 437,22.3646111,91.8508333,169.00000000001114
N1,1000568,link,link 438,22.3632778,91.8514722,830.9999999999889
N1,1000569,link,link 439,22.3561111,91.8531667,70.99999999999795
N1,1000570,bridge,bridge 131,22.3555,91.8530833,14.000000000010004
N1,1000571,bridge,bridge 132,22.3553889,91.8530556,914.999999999992
N1,1000572,link,link 440,22.3473886,91.8519444,549.0000000000066
N1,1000573,bridge,bridge 133,22.3427219,91.8531389,44.00000000001114
N1,1000574,bridge,bridge 134,22.3423608,91.8530833,406.99999999998226
N1,1000575,link,link 441,22.3387497,91.8534722,52.00000000002092
N1,1000576,bridge,bridge 135,22.338362487628867,91.853695585567,44.999999999987494
N1,1000577,bridge,bridge 136,22.3380274,91.8538889,80.0000000000125
N1,1000578,bridge,bridge 137,22.3373886,91.8542778,46.999999999997044
N1,1000579,bridge,bridge 138,22.3370274,91.8545278,775.999999999982
N1,1000580,link,link 442,22.3314716,91.8515556,209.00000000000318
N1,1000581,bridge,bridge 139,22.3297493,91.8521111,790.9999999999968
N1,1000582,link,link 443,22.3228327,91.8535556,177.99999999999727
N1,1000583,bridge,bridge 140,22.3212771,91.8536111,702.0000000000266
N1,1000584,bridge,bridge 141,22.3153611,91.8553056,15.999999999991132
N1,1000585,bridge,bridge 142,22.3152222,91.8553333,44.999999999987494
N1,1000586,link,link 444,22.3148889,91.8553889,496.0000000000093
N1,1000587,link,link 445,22.3108333,91.8570278,30.000000000001137
N1,1000588,link,link 446,22.3106111,91.8570833,326.9999999999982
N1,1000589,link,link 447,22.30825,91.8589722,146.99999999999136
N1,1000590,link,link 448,22.3071944,91.8598611,400.0000000000057
N1,1000591,link,link 449,22.3043056,91.8621667,308.9999999999975
N1,1000592,link,link 450,22.3021667,91.8639444,293.00000000000637
N1,1000593,link,link 451,22.2998886,91.8655833,568.000000000012
N1,1000594,link,link 452,22.2950274,91.8671938,426.9999999999925
N1,1000595,link,link 453,22.2919441,91.8693327,50.99999999998772
N1,1000596,link,link 454,22.2916663,91.8696382,170.00000000001592
N1,1000597,link,link 455,22.2916108,91.8711382,447.00000000000273
N1,1000598,link,link 456,22.293583,91.8748604,262.00000000000045
N1,1000599,bridge,bridge 143,22.2946386,91.8770827,66.99999999997885
N1,1000600,link,link 457,22.2949163,91.877666,54.000000000002046
N1,1000601,bridge,bridge 144,22.2951108,91.8781104,263.00000000000523
N1,1000602,link,link 458,22.2983886,91.885583,688.999999999993
N1,1000603,link,link 459,22.2985552,91.886333,558.9999999999975
N1,1000604,link,link 460,22.3,91.8915552,441.0000000000025
N1,1000605,link,link 461,22.3005833,91.892833,173.00000000000182
N1,1000606,link,link 462,22.3015833,91.897333,454.00000000000773
N1,1000607,link,link 463,22.3027222,91.9015556,103.00000000000864
N1,1000608,link,link 464,22.3029722,91.9025,871.9999999999857
N1,1000609,link,link 465,22.3053611,91.9106389,302.99999999999727
N1,1000610,link,link 466,22.3070556,91.9128056,424.0000000000066
N1,1000611,link,link 467,22.3096944,91.91575,272.99999999999613
N1,1000612,link,link 468,22.3114167,91.9176382,167.99999999997794
N1,1000613,link,link 469,22.3124722,91.9188327,521.000000000015
N1,1000614,link,link 470,22.3156389,91.9224993,121.00000000003774
N1,1000615,link,link 471,22.3158889,91.9235827,189.99999999999773
N1,1000616,link,link 472,22.3155556,91.9253882,750.0
N1,1000617,link,link 473,22.3137778,91.9322216,250.0
N1,1000618,link,link 474,22.31375,91.9345274,1000.0
N1,1000619,link,link 475,22.3136389,91.9438886,617.999999999995
N1,1000620,link,link 476,22.3098611,91.9477219,392.99999999997226
N1,1000621,link,link 477,22.3067222,91.9491941,1000.0
N1,1000622,link,link 478,22.3025,91.9553889,925.9999999999877
N1,1000623,bridge,bridge 145,22.3010278,91.9641667,52.00000000002092
N1,1000624,bridge,bridge 146,22.3009444,91.9646667,21.99999999999136
N1,1000625,link,link 479,22.3009167,91.9648889,1000.0
N1,1000626,link,link 480,22.2979441,91.973916,567.9999999999836
N1,1000627,link,link 481,22.2956941,91.9787493,166.00000000005366
N1,1000628,link,link 482,22.295333,91.9803049,265.9999999999627
N1,1000629,link,link 483,22.2934997,91.9816382,60.000000000002274
N1,1000630,link,link 484,22.2933608,91.9821104,146.000000000015
N1,1000631,link,link 485,22.292083,91.9822493,21.000000000015007
N1,1000632,link,link 486,22.291833,91.9823327,772.9999999999677
N1,1000633,link,link 487,22.2878052,91.9883886,302.99999999999727
N1,1000634,bridge,bridge 147,22.286583,91.9911108,72.00000000000273
N1,1000635,bridge,bridge 148,22.2863052,91.991583,25.000000000034106
N1,1000636,link,link 488,22.2862497,91.9916941,599.9999999999659
N1,1000637,link,link 489,22.2836386,91.9967497,269.9999999999818
N1,1000638,link,link 490,22.2820549,91.9986663,925.0000000000114
N1,1000639,link,link 491,22.2761938,92.0043889,213.99999999999864
N1,1000640,link,link 492,22.2745827,92.0053056,270.00000000003865
N1,1000641,link,link 493,22.2722493,92.0055278,515.9999999999627
N1,1000642,link,link 494,22.2676104,92.0058056,626.0000000000332
N1,1000643,bridge,bridge 149,22.2622222,92.0070556,14.000000000010004
N1,1000644,bridge,bridge 150,22.26210145564516,92.00708382580645,233.99999999998045
N1,1000645,link,link 495,22.2600833,92.0075556,125.99999999997635
N1,1000646,link,link 496,22.259,92.0081389,403.00000000002
N1,1000647,link,link 497,22.2557222,92.0096111,267.99999999997226
N1,1000648,link,link 498,22.2538611,92.01125,329.00000000000773
N1,1000649,link,link 499,22.2517222,92.0133333,343.00000000001774
N1,1000650,link,link 500,22.249333,92.0152778,656.9999999999823
N1,1000651,link,link 501,22.2449997,92.019166,602.0000000000323
N1,1000652,link,link 502,22.2410552,92.0215271,478.999999999985
N1,1000653,link,link 503,22.2371941,92.0230549,139.00000000001
N1,1000654,link,link 504,22.236083,92.0234716,384.9999999999909
N1,1000655,link,link 505,22.2327771,92.0245549,178.99999999997362
N1,1000656,bridge,bridge 151,22.2316938,92.0248882,14.000000000010004
N1,1000657,bridge,bridge 152,22.2315827,92.0249438,216.00000000000819
N1,1000658,link,link 506,22.227916,92.0258882,12.000000000000455
N1,1000659,bridge,bridge 153,22.2278882,92.025916,12.000000000000455
N1,1000660,bridge,bridge 154,22.2277771,92.0259438,437.0000000000118
N1,1000661,link,link 507,22.2240271,92.0270827,538.9999999999873
N1,1000662,link,link 508,22.2192493,92.0278882,247.99999999999045
N1,1000663,link,link 509,22.2170549,92.0281382,515.0000000000432
N1,1000664,link,link 510,22.2131389,92.0304993,236.99999999996635
N1,1000665,link,link 511,22.2116111,92.0318049,542.00000000003
N1,1000666,bridge,bridge 155,22.2084444,92.0356663,54.99999999994998
N1,1000667,bridge,bridge 156,22.2080278,92.0357774,286.00000000000136
N1,1000668,bridge,bridge 157,22.2059444,92.0370274,12.000000000000455
N1,1000669,bridge,bridge 158,22.2058889,92.0371386,105.00000000001819
N1,1000670,link,link 512,22.2054167,92.0380274,1093.999999999994
N1,1000671,link,link 513,22.1977774,92.0433886,699.9999999999886
N1,1000672,link,link 514,22.1917219,92.0453608,313.000000000045
N1,1000673,link,link 515,22.1897497,92.046583,1012.9999999999768
N1,1000674,link,link 516,22.1822771,92.0513889,821.0000000000264
N1,1000675,link,link 517,22.1750827,92.0528611,178.99999999997362
N1,1000676,link,link 518,22.1735827,92.0534167,1000.0
N1,1000677,link,link 519,22.1652222,92.0548889,1000.0
N1,1000678,link,link 520,22.1629722,92.0641944,514.9999999999864
N1,1000679,bridge,bridge 159,22.1596667,92.0674716,217.00000000004138
N1,1000680,bridge,bridge 160,22.1580556,92.0686104,267.99999999997226
N1,1000681,link,link 521,22.156,92.0701104,663.9999999999873
N1,1000682,bridge,bridge 161,22.1509722,92.0696938,9.000000000014552
N1,1000683,bridge,bridge 162,22.1508889,92.069666,206.00000000001728
N1,1000684,link,link 522,22.1491386,92.0696104,950.999999999965
N1,1000685,link,link 523,22.1406663,92.0697771,302.99999999999727
N1,1000686,link,link 524,22.1379163,92.0698882,501.0000000000332
N1,1000687,link,link 525,22.1334441,92.0700827,161.00000000000136
N1,1000688,link,link 526,22.1320549,92.0701938,118.99999999997135
N1,1000689,bridge,bridge 163,22.1308049,92.070416,61.00000000003547
N1,1000690,bridge,bridge 164,22.1304716,92.0704993,223.99999999998954
N1,1000691,bridge,bridge 165,22.1285271,92.0708604,31.00000000000591
N1,1000692,bridge,bridge 166,22.1282771,92.070916,484.9999999999568
N1,1000693,link,link 527,22.1240271,92.0715827,10.000000000047748
N1,1000694,link,link 528,22.123666,92.0716382,388.99999999995316
N1,1000695,link,link 529,22.1208049,92.0719438,600.9999999999991
N1,1000696,link,link 530,22.1151944,92.072416,282.0000000000391
N1,1000697,link,link 531,22.1133056,92.0726938,717.9999999999609
N1,1000698,link,link 532,22.1062222,92.0738049,558.0000000000496
N1,1000699,link,link 533,22.1021667,92.0740549,111.99999999996635
N1,1000700,link,link 534,22.0993052,92.0743604,250.0
N1,1000701,link,link 535,22.0977497,92.0750271,30.00000000002956
N1,1000702,link,link 536,22.097583,92.0752216,611.9999999999663
N1,1000703,link,link 537,22.0942219,92.0798604,222.00000000003683
N1,1000704,link,link 538,22.092833,92.0812493,955.9999999999604
N1,1000705,link,link 539,22.0876941,92.088583,545.9999999999923
N1,1000706,link,link 540,22.0844441,92.0924997,418.00000000000637
N1,1000707,link,link 541,22.0826104,92.0958886,300.00000000001137
N1,1000708,link,link 542,22.081166,92.0982774,699.9999999999886
N1,1000709,link,link 543,22.0752216,92.1001944,704.0000000000077
N1,1000710,bridge,bridge 167,22.0699438,92.1038333,33.00000000001546
N1,1000711,bridge,bridge 168,22.0698049,92.104,177.00000000002092
N1,1000712,link,link 544,22.0686938,92.10525,565.9999999999741
N1,1000713,bridge,bridge 169,22.0641667,92.107,45.000000000015916
N1,1000714,bridge,bridge 170,22.0638611,92.1070833,379.99999999999545
N1,1000715,link,link 545,22.0605556,92.1078056,9.000000000014552
N1,1000716,link,link 546,22.0604722,92.1078611,423.0000000000018
N1,1000717,link,link 547,22.0568611,92.1090833,514.9999999999864
N1,1000718,link,link 548,22.0522778,92.1091111,62.00000000001182
N1,1000719,link,link 549,22.0516944,92.1090278,329.9999999999841
N1,1000720,link,link 550,22.0486386,92.1082222,438.99999999996453
N1,1000721,link,link 551,22.0449719,92.1078333,95.00000000002728
N1,1000722,link,link 552,22.0443052,92.1073056,136.0000000000241
N1,1000723,link,link 553,22.0434441,92.1063056,694.9999999999932
N1,1000724,link,link 554,22.0379163,92.104,96.99999999997999
N1,1000725,link,link 555,22.037083,92.1039722,567.0000000000073
N1,1000726,link,link 556,22.0320827,92.1041667,377.9999999999859
N1,1000727,bridge,bridge 171,22.028916,92.1035556,55.00000000000682
N1,1000728,link,link 557,22.0284438,92.1032778,19.000000000005457
N1,1000729,bridge,bridge 172,22.0283327,92.1031944,899.0000000000009
N1,1000730,link,link 558,22.020666,92.1015556,14.000000000010004
N1,1000731,link,link 559,22.0205549,92.1015,923.0000000000018
N1,1000732,link,link 560,22.0153056,92.094833,930.0000000000068
N1,1000733,link,link 561,22.0077222,92.0927497,48.99999999997817
N1,1000734,link,link 562,22.0074167,92.0924997,464.999999999975
N1,1000735,link,link 563,22.0039167,92.0904163,540.0000000000205
N1,1000736,link,link 564,21.9999441,92.0880274,16.000000000019554
N1,1000737,link,link 565,21.999833,92.0879997,546.9999999999686
N1,1000738,link,link 566,21.9951108,92.0873608,16.999999999995907
N1,1000739,link,link 567,21.9950552,92.0872774,434.0000000000259
N1,1000740,bridge,bridge 173,21.9913886,92.086083,60.000000000002274
N1,1000741,bridge,bridge 174,21.9908886,92.0859163,19.000000000005457
N1,1000742,link,link 568,21.9907219,92.0858608,159.99999999996817
N1,1000743,link,link 569,21.9893886,92.085333,406.0000000000059
N1,1000744,bridge,bridge 175,21.9862219,92.0835274,24.00000000000091
N1,1000745,bridge,bridge 176,21.9860552,92.0834441,389.00000000001
N1,1000746,link,link 570,21.9829716,92.0817771,264.99999999998636
N1,1000747,bridge,bridge 177,21.9811104,92.0800271,25.000000000034106
N1,1000748,bridge,bridge 178,21.9810549,92.0799438,253.99999999996226
N1,1000749,link,link 571,21.9798882,92.0778327,342.0000000000414
N1,1000750,link,link 572,21.9789716,92.0747493,132.99999999998136
N1,1000751,link,link 573,21.9781104,92.0739993,1016.9999999999959
N1,1000752,link,link 574,21.9729438,92.0670827,170.99999999999227
N1,1000753,link,link 575,21.9720827,92.0657222,564.0000000000214
N1,1000754,link,link 576,21.967666,92.0635,264.99999999998636
N1,1000755,link,link 577,21.9654167,92.0625556,254.99999999999545
N1,1000756,bridge,bridge 179,21.9620278,92.0633611,21.000000000015007
N1,1000757,bridge,bridge 180,21.9618611,92.0634444,372.0000000000141
N1,1000758,link,link 578,21.9590833,92.0653889,351.99999999997544
N1,1000759,link,link 579,21.9578333,92.0665833,84.99999999997954
N1,1000760,link,link 580,21.9569167,92.0673327,521.000000000015
N1,1000761,bridge,bridge 181,21.9516111,92.0678604,21.000000000015007
N1,1000762,bridge,bridge 182,21.9514444,92.0678604,302.99999999999727
N1,1000763,link,link 581,21.9489441,92.0675271,461.00000000001273
N1,1000764,link,link 582,21.9446663,92.0668049,538.9999999999873
N1,1000765,link,link 583,21.940583,92.0643889,615.0000000000091
N1,1000766,link,link 584,21.9354441,92.0623056,252.9999999999859
N1,1000767,link,link 585,21.9333608,92.0614167,156.99999999998226
N1,1000768,link,link 586,21.9322216,92.06075,78.00000000003138
N1,1000769,link,link 587,21.931666,92.0603611,264.00000000001
N1,1000770,link,link 588,21.9296104,92.0592778,672.999999999945
N1,1000771,link,link 589,21.9235827,92.0585,585.0000000000364
N1,1000772,link,link 590,21.9177216,92.0597778,302.99999999999727
N1,1000773,link,link 591,21.9160833,92.0601389,146.99999999999136
N1,1000774,link,link 592,21.9148333,92.0604722,223.0000000000132
N1,1000775,link,link 593,21.9128611,92.0606667,510.99999999996726
N1,1000776,link,link 594,21.9083889,92.0605278,270.00000000003865
N1,1000777,link,link 595,21.9059444,92.0609167,307.9999999999927
N1,1000778,link,link 596,21.9031667,92.0611667,564.9999999999977
N1,1000779,link,link 597,21.8969997,92.0612222,62.99999999998818
N1,1000780,link,link 598,21.89646793301105,92.06108684571824,661.0000000000014
N1,1000781,link,link 599,21.8908886,92.0596667,281.99999999998226
N1,1000782,link,link 600,21.8883886,92.0600833,833.0000000000268
N1,1000783,link,link 601,21.8810271,92.0589722,178.99999999997362
N1,1000784,link,link 602,21.879416,92.0590833,508.0000000000382
N1,1000785,link,link 603,21.874916,92.0591111,500.99999999997635
N1,1000786,link,link 604,21.8704993,92.0591389,906.9999999999823
N1,1000787,link,link 605,21.8625,92.0595,93.00000000001774
N1,1000788,link,link 606,21.8616389,92.0596111,221.99999999998
N1,1000789,bridge,bridge 183,21.8597222,92.0602778,59.00000000002592
N1,1000790,bridge,bridge 184,21.8592222,92.0604444,723.9999999999895
N1,1000791,link,link 607,21.85275,92.0609722,21.000000000015007
N1,1000792,link,link 608,21.8526111,92.0609722,228.999999999985
N1,1000793,link,link 609,21.8505,92.0609444,764.9999999999864
N1,1000794,link,link 610,21.8441386,92.0628056,213.00000000002228
N1,1000795,link,link 611,21.842583,92.0638611,322.00000000000273
N1,1000796,link,link 612,21.8399719,92.0651389,482.00000000002774
N1,1000797,link,link 613,21.8363052,92.067416,313.99999999996453
N1,1000798,link,link 614,21.8336663,92.0684438,170.99999999999227
N1,1000799,link,link 615,21.8322216,92.0689993,482.00000000002774
N1,1000800,link,link 616,21.8280827,92.0712771,293.9999999999827
N1,1000801,bridge,bridge 185,21.8256938,92.0723882,48.00000000000182
N1,1000802,bridge,bridge 186,21.8252771,92.0725549,516.9999999999959
N1,1000803,link,link 617,21.8208882,92.0741104,149.0000000000009
N1,1000804,link,link 618,21.8195271,92.0741382,180.99999999998317
N1,1000805,link,link 619,21.8179716,92.073916,831.0000000000173
N1,1000806,link,link 620,21.8119444,92.0776382,843.9999999999941
N1,1000807,link,link 621,21.8045278,92.077166,156.0000000000059
N1,1000808,bridge,bridge 187,21.8031389,92.0772493,14.999999999986358
N1,1000809,bridge,bridge 188,21.8030278,92.0772771,10.000000000047748
N1,1000810,link,link 622,21.8029167,92.0772771,992.999999999995
N1,1000811,link,link 623,21.7941941,92.0783882,774.9999999999773
N1,1000812,link,link 624,21.7873886,92.0788882,100.00000000002274
N1,1000813,link,link 625,21.7864997,92.0790271,137.9999999999768
N1,1000814,link,link 626,21.7853052,92.079166,180.00000000000682
N1,1000815,link,link 627,21.7836941,92.0792771,819.0000000000168
N1,1000816,link,link 628,21.7782493,92.0840552,79.99999999998408
N1,1000817,link,link 629,21.7776382,92.0843886,224.9999999999659
N1,1000818,link,link 630,21.7758049,92.0851108,195.00000000005002
N1,1000819,link,link 631,21.7737216,92.0840552,134.9999999999909
N1,1000820,link,link 632,21.7732771,92.0837219,293.00000000000637
N1,1000821,link,link 633,21.7713049,92.0818327,24.00000000000091
N1,1000822,bridge,bridge 189,21.7711938,92.0816382,310.9999999999786
N1,1000823,bridge,bridge 190,21.7693327,92.079416,428.9999999999736
N1,1000824,link,link 634,21.7664722,92.0767771,236.00000000004684
N1,1000825,link,link 635,21.7646389,92.075916,574.9999999999886
N1,1000826,link,link 636,21.7596389,92.0764993,552.9999999999973
N1,1000827,link,link 637,21.7546944,92.0770271,1002.0000000000095
N1,1000828,link,link 638,21.7466386,92.080916,865.0000000000091
N1,1000829,link,link 639,21.7392497,92.0828604,140.9999999999627
N1,1000830,link,link 640,21.738083,92.0834163,50.99999999998772
N1,1000831,link,link 641,21.7376386,92.0834719,680.0000000000068
N1,1000832,link,link 642,21.7315827,92.0838052,181.00000000004002
N1,1000833,bridge,bridge 191,21.7299993,92.083833,38.99999999998727
N1,1000834,bridge,bridge 192,21.7296382,92.083833,69.00000000001683
N1,1000835,link,link 643,21.7290271,92.0838608,688.9999999999645
N1,1000836,link,link 644,21.7229438,92.0834719,163.0000000000109
N1,1000837,link,link 645,21.7215549,92.0830827,148.00000000002456
N1,1000838,link,link 646,21.7204716,92.0822493,419.9999999999591
N1,1000839,link,link 647,21.7169438,92.0824993,612.9999999999995
N1,1000840,link,link 648,21.7120833,92.0821104,526.9999999999868
N1,1000841,link,link 649,21.7080278,92.0800549,489.00000000003274
N1,1000842,link,link 650,21.7040556,92.0788604,310.0000000000023
N1,1000843,link,link 651,21.7013611,92.0783882,697.9999999999791
N1,1000844,link,link 652,21.6957497,92.0805827,1012.0000000000005
N1,1000845,link,link 653,21.6868608,92.0800827,1000.0
N1,1000846,link,link 654,21.678416,92.0770827,417.00000000003
N1,1000847,bridge,bridge 193,21.6747493,92.0766104,61.99999999995498
N1,1000848,bridge,bridge 194,21.6742216,92.0765549,423.0000000000018
N1,1000849,link,link 655,21.6704438,92.0762771,34.00000000004866
N1,1000850,link,link 656,21.6695549,92.0760549,96.00000000000364
N1,1000851,link,link 657,21.6688327,92.0759438,765.9999999999627
N1,1000852,link,link 658,21.6618889,92.074916,143.0000000000291
N1,1000853,link,link 659,21.6606111,92.0750827,175.99999999998772
N1,1000854,bridge,bridge 195,21.6590556,92.0751382,55.999999999983174
N1,1000855,bridge,bridge 196,21.653,92.0751382,783.9999999999918
N1,1000856,link,link 660,21.6518056,92.0737771,237.0000000000232
N1,1000857,bridge,bridge 197,21.6497219,92.0733049,62.00000000001182
N1,1000858,bridge,bridge 198,21.6491941,92.0733049,17.99999999997226
N1,1000859,bridge,bridge 199,21.649083,92.0733049,251.0000000000332
N1,1000860,link,link 661,21.6468052,92.0733604,447.00000000000273
N1,1000861,link,link 662,21.6428608,92.0732216,1017.9999999999723
N1,1000862,link,link 663,21.634833,92.0770271,1028.00000000002
N1,1000863,link,link 664,21.6259716,92.0773882,733.9999999999804
N1,1000864,link,link 665,21.6213604,92.0724438,266.00000000001955
N1,1000865,link,link 666,21.6197771,92.0705271,399.0000000000009
N1,1000866,bridge,bridge 200,21.617166,92.0679993,50.99999999998772
N1,1000867,bridge,bridge 201,21.6167771,92.0678049,58.99999999996908
N1,1000868,link,link 667,21.6150556,92.0667771,115.0000000000091
N1,1000869,link,link 668,21.61225,92.0652222,140.0000000000432
N1,1000870,link,link 669,21.610086825,92.06399479375,179.99999999994998
N1,1000871,link,link 670,21.6073056,92.0624167,797.0000000000255
N1,1000872,link,link 671,21.6039167,92.0619444,57.00000000001637
N1,1000873,link,link 672,21.603029505025123,92.061920540201,341.0000000000082
N1,1000874,link,link 673,21.5977219,92.0617778,601.9999999999754
N1,1000875,link,link 674,21.5951108,92.0611944,81.99999999999363
N1,1000876,link,link 675,21.59379884019608,92.06161870980392,326.0000000000218
N1,1000877,link,link 676,21.588583,92.0633056,503.99999999996226
N1,1000878,link,link 677,21.5875274,92.0650278,100.00000000002274
N1,1000879,link,link 678,21.5861941,92.0650278,168.00000000000637
N1,1000880,link,link 679,21.584833,92.0652222,730.9999999999945
N1,1000881,link,link 680,21.5791938,92.0668049,129.0000000000191
N1,1000882,link,link 681,21.5769993,92.0697216,840.9999999999513
N1,1000883,link,link 682,21.5717216,92.0718049,694.0000000000168
N1,1000884,link,link 683,21.564,92.0702493,326.0000000000218
N1,1000885,link,link 684,21.5629444,92.0700271,134.9999999999909
N1,1000886,link,link 685,21.5618056,92.0696382,120.9999999999809
N1,1000887,link,link 686,21.5608333,92.0692771,746.0000000000377
N1,1000888,link,link 687,21.5555,92.0679716,195.99999999996953
N1,1000889,bridge,bridge 202,21.5553056,92.067916,52.00000000002092
N1,1000890,bridge,bridge 203,21.5548889,92.0678049,423.0000000000018
N1,1000891,bridge,bridge 204,21.5484719,92.0670827,45.99999999999227
N1,1000892,bridge,bridge 205,21.548083,92.0670271,182.99999999999272
N1,1000893,link,link 688,21.546583,92.0668327,887.0000000000005
N1,1000894,link,link 689,21.538333,92.0639722,1016.0000000000196
N1,1000895,link,link 690,21.5294993,92.0650278,32.99999999995862
N1,1000896,link,link 691,21.5283049,92.0650833,212.00000000004593
N1,1000897,link,link 692,21.5264716,92.0651944,343.9999999999941
N1,1000898,bridge,bridge 206,21.5234716,92.0656111,19.99999999998181
N1,1000899,bridge,bridge 207,21.5233049,92.0656389,139.00000000001
N1,1000900,link,link 693,21.5220827,92.0658611,161.99999999997772
N1,1000901,link,link 694,21.520666,92.0661667,555.0000000000068
N1,1000902,link,link 695,21.5161111,92.068166,423.9999999999782
N1,1000903,link,link 696,21.5126944,92.0698604,27.000000000043656
N1,1000904,link,link 697,21.5125556,92.0699438,512.0000000000005
N1,1000905,link,link 698,21.5083889,92.0717493,204.00000000000773
N1,1000906,link,link 699,21.5069722,92.072916,283.9999999999918
N1,1000907,link,link 700,21.505,92.0745549,911.0000000000014
N1,1000908,link,link 701,21.4974719,92.0765549,88.99999999999864
N1,1000909,link,link 702,21.4968608,92.0769438,48.00000000000182
N1,1000910,link,link 703,21.4964441,92.077166,904.9999999999727
N1,1000911,link,link 704,21.4901941,92.0818049,985.99999999999
N1,1000912,link,link 705,21.4870274,92.0898052,274.0000000000009
N1,1000913,link,link 706,21.4851386,92.091333,700.0000000000455
N1,1000914,link,link 707,21.4793604,92.0938886,357.99999999994725
N1,1000915,link,link 708,21.4767771,92.0957497,250.0
N1,1000916,link,link 709,21.4750549,92.0971663,522.0000000000482
N1,1000917,link,link 710,21.4713604,92.0997497,20.999999999958163
N1,1000918,bridge,bridge 208,21.4712216,92.0998886,59.00000000002592
N1,1000919,bridge,bridge 209,21.4708049,92.1002222,533.9999999999918
N1,1000920,link,link 711,21.4667216,92.1025,367.00000000001864
N1,1000921,link,link 712,21.4635833,92.1029167,968.9999999999941
N1,1000922,link,link 713,21.4564722,92.1038056,379.99999999999545
N1,1000923,link,link 714,21.4545,92.10075,421.9999999999686
N1,1000924,link,link 715,21.4512778,92.0994441,222.00000000003683
N1,1000925,link,link 716,21.4496108,92.0994997,57.00000000001637
N1,1000926,link,link 717,21.4494719,92.0995274,597.9999999999563
N1,1000927,link,link 718,21.443833,92.1014167,223.99999999998954
N1,1000928,bridge,bridge 210,21.4421663,92.1008611,56.00000000004002
N1,1000929,bridge,bridge 211,21.4417497,92.1006667,62.00000000001182
N1,1000930,link,link 719,21.4413608,92.1003611,466.99999999998454
N1,1000931,link,link 720,21.4375552,92.0984997,343.9999999999941
N1,1000932,link,link 721,21.434583,92.0973886,149.0000000000009
N1,1000933,link,link 722,21.4334441,92.0969997,284.99999999996817
N1,1000934,link,link 723,21.4310271,92.0961941,229.00000000004184
N1,1000935,link,link 724,21.4290271,92.0954997,79.00000000000773
N1,1000936,link,link 725,21.4284993,92.0951941,112.99999999999955
N1,1000937,link,link 726,21.4283604,92.0941663,283.9999999999918
N1,1000938,link,link 727,21.4281104,92.0914719,190.99999999997408
N1,1000939,bridge,bridge 212,21.427916,92.0896108,25.000000000034106
N1,1000940,bridge,bridge 213,21.4278882,92.0893886,560.9999999999786
N1,1000941,link,link 728,21.4271104,92.084083,206.99999999999363
N1,1000942,link,link 729,21.4269716,92.0821104,175.99999999998772
N1,1000943,link,link 730,21.4267771,92.0804716,384.00000000001455
N1,1000944,link,link 731,21.4264716,92.0767771,403.99999999999636
N1,1000945,link,link 732,21.4267216,92.0730827,261.0000000000241
N1,1000946,link,link 733,21.427416,92.0707216,738.9999999999759
N1,1000947,link,link 734,21.4276938,92.0643611,131.00000000002865
N1,1000948,link,link 735,21.4270827,92.0632778,262.9999999999768
N1,1000949,link,link 736,21.4273327,92.0608333,336.9999999999891
N1,1000950,link,link 737,21.4278882,92.0576667,237.99999999999955
N1,1000951,link,link 738,21.4280549,92.0554167,28.999999999996362
N1,1000952,link,link 739,21.4280827,92.0551389,232.00000000002774
N1,1000953,link,link 740,21.4280549,92.0529444,462.99999999996544
N1,1000954,bridge,bridge 214,21.4274993,92.0484441,18.000000000029104
N1,1000955,bridge,bridge 215,21.4275271,92.0483886,271.99999999999136
N1,1000956,link,link 741,21.4287771,92.0461941,233.99999999998045
N1,1000957,link,link 742,21.4295549,92.044083,500.0
N1,1000958,link,link 743,21.4298049,92.0392774,254.0000000000191
N1,1000959,link,link 744,21.4296938,92.0368608,223.99999999998954
N1,1000960,link,link 745,21.4289716,92.0348608,362.0000000000232
N1,1000961,bridge,bridge 216,21.4294438,92.0316104,140.9999999999627
N1,1000962,bridge,bridge 217,21.4300827,92.0304716,133.0000000000382
N1,1000963,link,link 746,21.430416,92.0293049,105.99999999999454
N1,1000964,link,link 747,21.430166,92.0283604,45.99999999999227
N1,1000965,link,link 748,21.4298882,92.0279716,612.9999999999995
N1,1000966,link,link 749,21.4262493,92.0235827,64.99999999999773
N1,1000967,link,link 750,21.4258604,92.023166,13.000000000033651
N1,1000968,link,link 751,21.4258049,92.0232493,581.9999999999936
N1,1000969,link,link 752,21.4225549,92.0274438,70.99999999996953
N1,1000970,link,link 753,21.4220827,92.0278604,326.0000000000218
N1,1000971,link,link 754,21.4199716,92.0302493,265.9999999999627
N1,1000972,link,link 755,21.4191104,92.032416,449.0000000000123
N1,1000973,link,link 756,21.4165,92.0353052,182.00000000001637
N1,1000974,link,link 757,21.4156389,92.0367219,134.9999999999909
N1,1000975,link,link 758,21.4150556,92.037833,235.00000000001364
N1,1000976,link,link 759,21.4135833,92.0393886,367.00000000001864
N1,1000977,link,link 760,21.4120556,92.039583,171.99999999996862
N1,1000978,bridge,bridge 218,21.4115,92.0438052,48.00000000000182
N1,1000979,bridge,bridge 219,21.4111667,92.0441108,163.0000000000109
N1,1000980,link,link 761,21.4103056,92.0453052,57.00000000001637
N1,1000981,link,link 762,21.4101111,92.0458052,242.999999999995
N1,1000982,link,link 763,21.41025,92.0480552,324.99999999998863
N1,1000983,link,link 764,21.4103333,92.0508333,272.9999999999677
N1,1000984,link,link 765,21.4094167,92.0531944,180.00000000000682
N1,1000985,link,link 766,21.4090833,92.05475,210.00000000003638
N1,1000986,link,link 767,21.4079722,92.056,168.99999999998272
N1,1000987,link,link 768,21.4067222,92.0570556,293.00000000000637
N1,1000988,link,link 769,21.4058611,92.0594167,267.99999999997226
N1,1000989,link,link 770,21.4040556,92.0619722,157.0000000000391
N1,1000990,link,link 771,21.4039167,92.0628333,480.99999999999454
N1,1000991,link,link 772,21.4008889,92.0658611,262.9999999999768
N1,1000992,bridge,bridge 220,21.3986941,92.0665556,14.999999999986358
N1,1000993,bridge,bridge 221,21.398583,92.0665833,165.99999999999682
N1,1000994,link,link 773,21.3971663,92.0668882,19.000000000005457
N1,1000995,link,link 774,21.3969719,92.066916,435.0000000000023
N1,1000996,link,link 775,21.393333,92.068166,484.0000000000373
N1,1000997,bridge,bridge 222,21.3891108,92.0686938,17.99999999997226
N1,1000998,bridge,bridge 223,21.3889441,92.0688049,57.00000000001637
N1,1000999,link,link 776,21.3885274,92.0692771,147.9999999999677
N1,1001000,link,link 777,21.3873052,92.0697771,176.00000000004457
N1,1001001,link,link 778,21.3858886,92.0704438,152.99999999996317
N1,1001002,link,link 779,21.384583,92.0704993,76.00000000002183
N1,1001003,link,link 780,21.3839441,92.0705827,151.9999999999868
N1,1001004,link,link 781,21.3826938,92.0710271,168.00000000000637
N1,1001005,link,link 782,21.3813049,92.0710827,29.999999999972715
N1,1001006,link,link 783,21.3811104,92.0710827,179.00000000003047
N1,1001007,link,link 784,21.3796104,92.0706104,91.00000000000819
N1,1001008,link,link 785,21.378916,92.0703327,153.99999999999636
N1,1001009,link,link 786,21.3775827,92.0703604,38.99999999998727
N1,1001010,link,link 787,21.3773882,92.0706104,182.00000000001637
N1,1001011,link,link 788,21.3762216,92.0718049,164.99999999996362
N1,1001012,link,link 789,21.3752493,92.0727771,115.0000000000091
N1,1001013,link,link 790,21.3747771,92.0734993,64.99999999999773
N1,1001014,link,link 791,21.3745549,92.0739716,173.00000000000182
N1,1001015,link,link 792,21.3742493,92.0755271,16.000000000019554
N1,1001016,link,link 793,21.3742493,92.0756938,158.00000000001546
N1,1001017,link,link 794,21.3736938,92.0768327,82.99999999996999
N1,1001018,link,link 795,21.3731938,92.0773327,228.999999999985
N1,1001019,link,link 796,21.3714993,92.0785549,206.00000000001728
N1,1001020,link,link 797,21.3698327,92.0796104,262.00000000000045
N1,1001021,link,link 798,21.3678882,92.0803327,134.00000000001455
N1,1001022,link,link 799,21.3669438,92.0807771,84.00000000000318
N1,1001023,link,link 800,21.3662778,92.0810549,63.99999999996453
N1,1001024,link,link 801,21.3657222,92.0812771,151.00000000001046
N1,1001025,link,link 802,21.3644167,92.081416,341.0000000000082
N1,1001026,link,link 803,21.3615,92.0806382,427.99999999999727
N1,1001027,link,link 804,21.3580833,92.0790271,44.00000000003956
N1,1001028,link,link 805,21.35775,92.0790271,63.99999999996453
N1,1001029,link,link 806,21.3571944,92.0791104,96.00000000000364
N1,1001030,link,link 807,21.3563333,92.0790827,125.0
N1,1001031,link,link 808,21.35525,92.0790827,305.0000000000068
N1,1001032,link,link 809,21.3526667,92.0783327,416.99999999997317
N1,1001033,link,link 810,21.3490552,92.0784716,312.0000000000118
N1,1001034,bridge,bridge 224,21.3463608,92.0790271,26.00000000001046
N1,1001035,bridge,bridge 225,21.3461386,92.0789993,535.000000000025
N1,1001036,link,link 811,21.3414997,92.0788327,122.99999999999045
N1,1001037,link,link 812,21.3404997,92.0784993,267.99999999997226
N1,1001038,link,link 813,21.3381941,92.078916,657.0000000000391
N1,1001039,link,link 814,21.3324716,92.0790827,163.99999999998727
N1,1001040,link,link 815,21.3311104,92.0788604,158.00000000001546
N1,1001041,bridge,bridge 226,21.3297771,92.0787771,31.999999999982265
N1,1001042,bridge,bridge 227,21.3295271,92.0789438,829.0000000000077
N1,1001043,link,link 816,21.324666,92.084583,105.99999999999454
N1,1001044,bridge,bridge 228,21.3241104,92.085333,55.00000000000682
N1,1001045,bridge,bridge 229,21.3238049,92.0857219,509.9999999999909
N1,1001046,link,link 817,21.3207493,92.0893052,336.9999999999891
N1,1001047,link,link 818,21.3187493,92.0916108,115.0000000000091
N1,1001048,bridge,bridge 230,21.3179438,92.0921663,19.99999999998181
N1,1001049,bridge,bridge 231,21.3177771,92.0922497,81.99999999999363
N1,1001050,link,link 819,21.317666,92.0930274,713.0000000000223
N1,1001051,bridge,bridge 232,21.3125,92.096333,52.00000000002092
N1,1001052,bridge,bridge 233,21.3121944,92.0966941,24.00000000000091
N1,1001053,link,link 820,21.3120278,92.0969163,219.99999999997044
N1,1001054,link,link 821,21.3101667,92.0974997,759.9999999999909
N1,1001055,link,link 822,21.3039722,92.0967497,23.000000000024556
N1,1001056,link,link 823,21.3037778,92.0968052,555.0000000000068
N1,1001057,link,link 824,21.2989441,92.0976108,425.9999999999877
N1,1001058,bridge,bridge 234,21.2956386,92.0993886,74.00000000001228
N1,1001059,bridge,bridge 235,21.2949997,92.0993886,7.999999999981355
N1,1001060,link,link 825,21.2949163,92.0994163,963.9999999999986
N1,1001061,link,link 826,21.2863608,92.1001667,274.99999999997726
N1,1001062,link,link 827,21.2839441,92.1005278,136.0000000000241
N1,1001063,bridge,bridge 236,21.282777512080536,92.10067986442952,12.999999999976808
N1,1001064,bridge,bridge 237,21.282666,92.1006944,427.99999999999727
N1,1001065,link,link 828,21.2790827,92.1019722,168.00000000000637
N1,1001066,link,link 829,21.277666,92.1026111,996.0000000000377
N1,1001067,link,link 830,21.2695827,92.1066111,14.999999999986358
N1,1001068,link,link 831,21.2694716,92.1066667,291.99999999997317
N1,1001069,bridge,bridge 238,21.2678604,92.1088333,26.00000000001046
N1,1001070,bridge,bridge 239,21.2677493,92.109,581.0000000000173
N1,1001071,link,link 832,21.2646111,92.1134444,89.99999999997499
N1,1001072,link,link 833,21.2641111,92.1140833,14.000000000010004
N1,1001073,bridge,bridge 240,21.2639722,92.1141944,45.000000000015916
N1,1001074,bridge,bridge 241,21.2637222,92.1144722,233.99999999998045
N1,1001075,bridge,bridge 242,21.2623611,92.1161667,18.000000000029104
N1,1001076,bridge,bridge 243,21.26225,92.1163056,714.999999999975
N1,1001077,link,link 834,21.2580278,92.1214438,223.99999999998954
N1,1001078,bridge,bridge 244,21.2565556,92.122916,13.000000000033651
N1,1001079,bridge,bridge 245,21.2565,92.1229716,238.9999999999759
N1,1001080,link,link 835,21.2550278,92.1245827,250.0
N1,1001081,link,link 836,21.2537778,92.1266382,276.00000000001046
N1,1001082,link,link 837,21.2521944,92.1286104,16.999999999995907
N1,1001083,link,link 838,21.2521111,92.1287493,120.00000000000455
N1,1001084,bridge,bridge 246,21.2504722,92.1307493,89.99999999997499
N1,1001085,bridge,bridge 247,21.2504167,92.1307493,781.0000000000059
N1,1001086,bridge,bridge 248,21.248083,92.1341108,13.000000000033651
N1,1001087,bridge,bridge 249,21.2479997,92.1342219,40.99999999999682
N1,1001088,link,link 839,21.2462219,92.1364719,300.00000000001137
N1,1001089,link,link 840,21.2447497,92.1389441,382.99999999998136
N1,1001090,bridge,bridge 250,21.242333,92.1413608,21.99999999999136
N1,1001091,bridge,bridge 251,21.2422219,92.1415552,302.0000000000209
N1,1001092,link,link 841,21.2412497,92.1440552,979.9999999999613
N1,1001093,link,link 842,21.2357774,92.1511667,998.0000000000473
N1,1001094,link,link 843,21.236333,92.1586667,1009.9999999999909
N1,1001095,link,link 844,21.2283604,92.1617222,264.99999999998636
N1,1001096,link,link 845,21.2261382,92.1611667,209.00000000000318
N1,1001097,link,link 846,21.2243327,92.1614444,527.9999999999632
N1,1001098,link,link 847,21.2198049,92.1618611,400.0000000000341
N1,1001099,link,link 848,21.2165556,92.1626944,302.99999999999727
N1,1001100,link,link 849,21.2152778,92.1649722,195.99999999996953
N1,1001101,link,link 850,21.2142778,92.166666,106.00000000005139
N1,1001102,link,link 851,21.21375,92.1674438,127.9999999999859
N1,1001103,link,link 852,21.2127222,92.1678882,243.99999999997135
N1,1001104,link,link 853,21.2105833,92.1681382,100.00000000002274
N1,1001105,link,link 854,21.2096944,92.168416,536.0000000000014
N1,1001106,link,link 855,21.2056389,92.1703327,526.9999999999868
N1,1001107,link,link 856,21.2011389,92.170416,247.99999999999045
N1,1001108,link,link 857,21.1989997,92.1703604,125.0
N1,1001109,link,link 858,21.1977219,92.1705549,112.99999999999955
N1,1001110,link,link 859,21.1969441,92.1707493,47.000000000025466
N1,1001111,link,link 860,21.1965552,92.1708604,483.99999999998045
N1,1001112,bridge,bridge 252,21.1925552,92.1697216,42.00000000003001
N1,1001113,bridge,bridge 253,21.1923052,92.1695271,260.99999999996726
N1,1001114,link,link 861,21.1906108,92.167916,173.00000000000182
N1,1001115,link,link 862,21.1897497,92.166666,456.99999999999363
N1,1001116,link,link 863,21.1866386,92.1638056,313.000000000045
N1,1001117,bridge,bridge 254,21.1859441,92.1610833,22.999999999967713
N1,1001118,bridge,bridge 255,21.185833,92.1609167,233.0000000000041
N1,1001119,link,link 864,21.1843052,92.1594167,699.0000000000123
N1,1001120,link,link 865,21.178666,92.1574722,290.9999999999968
N1,1001121,link,link 866,21.1761938,92.1566111,242.999999999995
N1,1001122,link,link 867,21.1742771,92.1557222,281.99999999998226
N1,1001123,link,link 868,21.1718327,92.1551389,242.999999999995
N1,1001124,bridge,bridge 256,21.1698049,92.1545833,48.00000000000182
N1,1001125,bridge,bridge 257,21.1694993,92.1543056,155.00000000002956
N1,1001126,link,link 869,21.168416,92.1532778,110.00000000001364
N1,1001127,link,link 870,21.1677216,92.1527778,64.99999999999773
N1,1001128,link,link 871,21.1673327,92.1524167,252.9999999999859
N1,1001129,bridge,bridge 258,21.1652222,92.1521667,31.999999999982265
N1,1001130,bridge,bridge 259,21.1649444,92.1521944,194.99999999999318
N1,1001131,link,link 872,21.16325,92.1522222,88.99999999999864
N1,1001132,link,link 873,21.1624722,92.1522778,235.99999999999
N1,1001133,link,link 874,21.1604167,92.1525,108.00000000000409
N1,1001134,link,link 875,21.1595,92.1526111,21.000000000015007
N1,1001135,link,link 876,21.1593056,92.1526111,73.00000000003593
N1,1001136,link,link 877,21.1586667,92.1525,354.99999999996135
N1,1001137,link,link 878,21.1556389,92.1527778,216.99999999998454
N1,1001138,link,link 879,21.1537778,92.1528611,212.00000000004593
N1,1001139,link,link 880,21.1521944,92.1535278,197.99999999997908
N1,1001140,link,link 881,21.1507222,92.1545,538.0000000000109
N1,1001141,link,link 882,21.147333,92.1574167,368.99999999997135
N1,1001142,bridge,bridge 260,21.1442774,92.1586389,19.000000000005457
N1,1001143,bridge,bridge 261,21.1441663,92.1586944,81.00000000001728
N1,1001144,link,link 883,21.1435274,92.1589722,247.99999999999045
N1,1001145,bridge,bridge 262,21.1414997,92.1599167,60.99999999997863
N1,1001146,bridge,bridge 263,21.1410552,92.1602222,603.0000000000086
N1,1001147,link,link 884,21.1381108,92.1648611,116.00000000004229
N1,1001148,link,link 885,21.1379719,92.1659167,122.99999999999045
N1,1001149,link,link 886,21.137833,92.1671104,130.9999999999718
N1,1001150,link,link 887,21.1375552,92.1683049,271.000000000015
N1,1001151,link,link 888,21.1372219,92.1708882,199.99999999998863
N1,1001152,link,link 889,21.1371108,92.1727771,120.00000000000455
N1,1001153,bridge,bridge 264,21.1368886,92.173916,30.00000000002956
N1,1001154,bridge,bridge 265,21.1367219,92.1741382,127.9999999999859
N1,1001155,link,link 890,21.1363886,92.1752493,31.999999999982265
N1,1001156,link,link 891,21.1363608,92.1755549,213.00000000002228
N1,1001157,link,link 892,21.1353886,92.1770827,493.99999999997135
N1,1001158,bridge,bridge 266,21.1333886,92.1806938,16.999999999995907
N1,1001159,bridge,bridge 267,21.1333608,92.1808327,176.00000000004457
N1,1001160,link,link 893,21.1329438,92.1824438,96.99999999997999
N1,1001161,link,link 894,21.1326938,92.183333,159.99999999996817
N1,1001162,link,link 895,21.1319716,92.1846108,174.00000000003502
N1,1001163,link,link 896,21.1309716,92.1856941,665.9999999999968
N1,1001164,link,link 897,21.1269438,92.1902219,12.000000000000455
N1,1001165,link,link 898,21.1268327,92.1902774,336.9999999999891
N1,1001166,link,link 899,21.1242771,92.1918886,40.99999999999682
N1,1001167,link,link 900,21.1239993,92.1919997,134.00000000001455
N1,1001168,link,link 901,21.1229993,92.1926663,112.99999999999955
N1,1001169,link,link 902,21.122166,92.1931941,84.99999999997954
N1,1001170,link,link 903,21.1214993,92.1935552,283.00000000001546
N1,1001171,link,link 904,21.1198604,92.1954719,110.99999999999
N1,1001172,link,link 905,21.1190827,92.1960274,192.99999999998363
N1,1001173,link,link 906,21.1175827,92.1966663,127.00000000000955
N1,1001174,link,link 907,21.1165,92.1969163,51.000000000044565
N1,1001175,link,link 908,21.1161389,92.1969997,38.99999999998727
N1,1001176,link,link 909,21.1158333,92.1971386,86.99999999998909
N1,1001177,bridge,bridge 268,21.1151667,92.1975552,77.99999999997453
N1,1001178,bridge,bridge 269,21.1146111,92.1979719,377.00000000000955
N1,1001179,link,link 910,21.1121111,92.2002778,47.000000000025466
N1,1001180,link,link 911,21.1118611,92.2006389,314.9999999999977
N1,1001181,link,link 912,21.1090556,92.2045278,430.0000000000068
N1,1001182,link,link 913,21.1078333,92.2058611,197.99999999997908
N1,1001183,link,link 914,21.1078333,92.2069444,69.99999999999318
N1,1001184,link,link 915,21.1058333,92.20725,64.00000000002137
N1,1001185,link,link 916,21.1053611,92.2073889,120.00000000000455
N1,1001186,link,link 917,21.1043611,92.2075278,206.99999999999363
N1,1001187,link,link 918,21.1026389,92.2077778,171.99999999996862
N1,1001188,link,link 919,21.1012778,92.2081389,220.00000000002728
N1,1001189,link,link 920,21.0996386,92.2091667,284.99999999996817
N1,1001190,link,link 921,21.0975552,92.2105,28.00000000002001
N1,1001191,link,link 922,21.097333,92.2106111,399.0000000000009
N1,1001192,bridge,bridge 270,21.0939441,92.2118611,36.000000000001364
N1,1001193,bridge,bridge 271,21.0936663,92.2119444,158.00000000001546
N1,1001194,link,link 923,21.0923052,92.2123333,235.00000000001364
N1,1001195,link,link 924,21.090333,92.2129444,143.9999999999486
N1,1001196,link,link 925,21.0891941,92.2135,346.00000000000364
N1,1001197,link,link 926,21.0864997,92.2151111,68.00000000004047
N1,1001198,link,link 927,21.0859441,92.2153889,252.9999999999859
N1,1001199,link,link 928,21.0838608,92.2161111,332.99999999997
N1,1001200,link,link 929,21.0811104,92.2169438,105.00000000001819
N1,1001201,link,link 930,21.0803049,92.2174993,261.0000000000241
N1,1001202,link,link 931,21.0783327,92.2186382,58.99999999996908
N1,1001203,link,link 932,21.077916,92.2189993,259.9999999999909
N1,1001204,link,link 933,21.0765549,92.2209993,259.00000000001455
N1,1001205,link,link 934,21.0745271,92.2220549,146.000000000015
N1,1001206,link,link 935,21.0735271,92.2226104,110.00000000001364
N1,1001207,link,link 936,21.0728327,92.2232216,181.99999999995953
N1,1001208,link,link 937,21.071666,92.2242216,312.0000000000118
N1,1001209,link,link 938,21.0691104,92.2246382,250.0
N1,1001210,link,link 939,21.0668882,92.2246104,146.000000000015
N1,1001211,link,link 940,21.0655833,92.2245549,77.99999999997453
N1,1001212,link,link 941,21.0650556,92.2245271,261.0000000000241
N1,1001213,link,link 942,21.063,92.2254993,187.99999999998818
N1,1001214,link,link 943,21.0615556,92.2262771,204.00000000000773
N1,1001215,bridge,bridge 272,21.0597778,92.2263882,14.999999999986358
N1,1001216,bridge,bridge 273,21.0596667,92.2263882,341.99999999998454
N1,1001217,link,link 944,21.0565833,92.2266104,184.00000000002592
N1,1001218,link,link 945,21.0549722,92.2268049,648.0000000000246
N1,1001219,bridge,bridge 274,21.0513611,92.2302493,37.99999999995407
N1,1001220,bridge,bridge 275,21.0513611,92.2305827,125.0
N1,1001221,link,link 946,21.0513056,92.2317493,64.00000000002137
N1,1001222,link,link 947,21.0512778,92.2323327,189.00000000002137
N1,1001223,link,link 948,21.0507222,92.2338608,327.99999999997453
N1,1001224,link,link 949,21.0479441,92.2346386,381.00000000002865
N1,1001225,link,link 950,21.0446941,92.2356941,86.99999999998909
N1,1001226,link,link 951,21.0439163,92.2359441,396.99999999999136
N1,1001227,link,link 952,21.0407497,92.2374997,540.0000000000205
N1,1001228,bridge,bridge 276,21.0363608,92.2396941,40.99999999999682
N1,1001229,bridge,bridge 277,21.0360552,92.2398608,270.99999999995816
N1,1001230,link,link 953,21.0338608,92.2407774,203.00000000003138
N1,1001231,link,link 954,21.0321104,92.241083,233.0000000000041
N1,1001232,link,link 955,21.0300549,92.2413608,353.999999999985
N1,1001233,link,link 956,21.0269438,92.2416941,209.00000000000318
N1,1001234,link,link 957,21.0249993,92.2418608,243.99999999997135
N1,1001235,bridge,bridge 278,21.0228882,92.2420274,35.00000000002501
N1,1001236,bridge,bridge 279,21.0226104,92.2420552,483.99999999998045
N1,1001237,link,link 958,21.0186104,92.2431386,206.99999999999363
N1,1001238,link,link 959,21.0169993,92.2440274,256.00000000002865
N1,1001239,link,link 960,21.0150833,92.245333,606.9999999999709
N1,1001240,link,link 961,21.0107222,92.2487219,91.00000000000819
N1,1001241,link,link 962,21.0101389,92.2492497,316.0000000000309
N1,1001242,link,link 963,21.0078889,92.251,200.99999999996498
N1,1001243,link,link 964,21.0064444,92.2520833,424.000000000035
N1,1001244,link,link 965,21.0029444,92.2531944,444.9999999999932
N1,1001245,bridge,bridge 280,20.9990274,92.2537778,50.00000000001137
N1,1001246,bridge,bridge 281,20.9986386,92.2538889,502.9999999999859
N1,1001247,link,link 966,20.9942497,92.2545278,33.999999999991815
N1,1001248,link,link 967,20.9940274,92.2546111,742.0000000000186
N1,1001249,link,link 968,20.9875274,92.2545556,276.9999999999868
N1,1001250,link,link 969,20.9852774,92.2536389,891.9999999999959
N1,1001251,bridge,bridge 282,20.9778049,92.25075,31.999999999982265
N1,1001252,bridge,bridge 283,20.9775827,92.2506111,76.00000000002183
N1,1001253,link,link 970,20.9769438,92.2502222,860.99999999999
N1,1001254,link,link 971,20.9697216,92.2485552,174.00000000003502
N1,1001255,link,link 972,20.9682771,92.2488052,118.99999999997135
N1,1001256,bridge,bridge 284,20.9673604,92.2491663,42.00000000003001
N1,1001257,bridge,bridge 285,20.9671104,92.2494441,336.9999999999891
N1,1001258,link,link 973,20.9648611,92.2515278,322.9999999999791
N1,1001259,bridge,bridge 286,20.9622778,92.2528889,31.00000000000591
N1,1001260,bridge,bridge 287,20.9620556,92.2530556,168.00000000000637
N1,1001261,link,link 974,20.9606389,92.2535,302.0000000000209
N1,1001262,link,link 975,20.9580833,92.2543056,169.99999999995907
N1,1001263,link,link 976,20.9566667,92.2548056,336.00000000001273
N1,1001264,link,link 977,20.9538889,92.2559722,93.00000000001774
N1,1001265,link,link 978,20.9531667,92.2562778,120.00000000000455
N1,1001266,link,link 979,20.95225,92.2566111,15.99999999996271
N1,1001267,link,link 980,20.9521667,92.2566944,335.0000000000364
N1,1001268,link,link 981,20.94957125079681,92.25817740896414,166.99999999997317
N1,1001269,bridge,bridge 288,20.9482774,92.2589167,45.99999999999227
N1,1001270,bridge,bridge 289,20.9481386,92.2593056,330.0000000000409
N1,1001271,link,link 982,20.9459163,92.2603333,186.99999999995498
N1,1001272,link,link 983,20.9445552,92.2603333,99.00000000004638
N1,1001273,link,link 984,20.9436941,92.2603056,751.9999999999527
N1,1001274,bridge,bridge 290,20.9373886,92.2623333,40.000000000020464
N1,1001275,bridge,bridge 291,20.9371108,92.2624722,108.99999999998045
N1,1001276,link,link 985,20.9361663,92.2628611,12.000000000000455
N1,1001277,link,link 986,20.9361108,92.2628611,165.99999999999682
N1,1001278,link,link 987,20.9346663,92.2631667,40.000000000020464
N1,1001279,link,link 988,20.934333,92.26325,149.99999999997726
N1,1001280,link,link 989,20.9330549,92.2635,388.00000000003365
N1,1001281,bridge,bridge 292,20.929666,92.2641111,36.99999999997772
N1,1001282,bridge,bridge 293,20.9293327,92.2641389,256.00000000002865
N1,1001283,link,link 990,20.9270827,92.2644444,380.9999999999718
N1,1001284,bridge,bridge 294,20.9238882,92.2653889,50.99999999998772
N1,1001285,bridge,bridge 295,20.9234993,92.2656111,530.0000000000296
N1,1001286,bridge,bridge 296,20.9195827,92.268416,16.999999999995907
N1,1001287,bridge,bridge 297,20.9194993,92.2684716,55.00000000000682
N1,1001288,link,link 991,20.9189993,92.2686382,29.999999999972715
N1,1001289,link,link 992,20.9187771,92.2687771,140.0000000000432
N1,1001290,link,link 993,20.9176382,92.2692493,254.99999999999545
N1,1001291,bridge,bridge 298,20.9157222,92.2704993,37.99999999995407
N1,1001292,bridge,bridge 299,20.9154167,92.2706938,232.00000000002774
N1,1001293,link,link 994,20.9136389,92.2718604,83.00000000002683
N1,1001294,link,link 995,20.9132778,92.2721938,117.999999999995
N1,1001295,link,link 996,20.9123889,92.2729716,25.999999999953616
N1,1001296,link,link 997,20.9122222,92.2729438,446.0000000000264
N1,1001297,bridge,bridge 300,20.9088889,92.275166,47.000000000025466
N1,1001298,bridge,bridge 301,20.9085556,92.2753604,237.99999999999955
N1,1001299,link,link 998,20.90675,92.2764993,122.99999999999045
N1,1001300,link,link 999,20.9059444,92.2771104,145.99999999995816
N1,1001301,link,link 1000,20.9048333,92.277916,16.999999999995907
N1,1001302,link,link 1001,20.9047222,92.2779716,194.00000000001683
N1,1001303,link,link 1002,20.9033333,92.2789438,103.00000000000864
N1,1001304,link,link 1003,20.9027222,92.279416,310.9999999999786
N1,1001305,bridge,bridge 302,20.9003333,92.2807216,36.000000000001364
N1,1001306,bridge,bridge 303,20.9001111,92.2809716,112.99999999999955
N1,1001307,link,link 1004,20.8994441,92.2817216,164.0000000000441
N1,1001308,bridge,bridge 304,20.8984719,92.2828604,46.99999999996862
N1,1001309,bridge,bridge 305,20.8982219,92.283166,14.999999999986358
N1,1001310,link,link 1005,20.8981108,92.2832493,22.000000000048203
N1,1001311,link,link 1006,20.8980274,92.283333,52.99999999999727
N1,1001312,link,link 1007,20.8977497,92.2836941,209.99999999997954
N1,1001313,bridge,bridge 306,20.8969163,92.2854441,33.00000000001546
N1,1001314,bridge,bridge 307,20.8967774,92.2857219,46.99999999996862
N1,1001315,link,link 1008,20.8965552,92.286083,218.9999999999941
N1,1001316,link,link 1009,20.8953608,92.2877219,84.00000000000318
N1,1001317,link,link 1010,20.8948052,92.2881941,103.00000000000864
N1,1001318,bridge,bridge 308,20.894083,92.2887774,24.00000000000091
N1,1001319,bridge,bridge 309,20.8939441,92.2889163,105.00000000001819
N1,1001320,link,link 1011,20.8932774,92.2896386,79.00000000000773
N1,1001321,link,link 1012,20.8927774,92.2901386,20.999999999958163
N1,1001322,link,link 1013,20.8926386,92.2902774,171.0000000000491
N1,1001323,bridge,bridge 310,20.8919163,92.2916663,19.99999999998181
N1,1001324,bridge,bridge 311,20.8918886,92.2918052,55.999999999983174
N1,1001325,link,link 1014,20.891833,92.2923052,742.0000000000186
N1,1001326,bridge,bridge 312,20.8889163,92.2982497,14.999999999986358
N1,1001327,bridge,bridge 313,20.888833,92.2983886,257.99999999998136
N1,1001328,link,link 1015,20.8869441,92.2996386,133.0000000000382
N1,1001329,link,link 1016,20.8858608,92.2991941,473.99999999998954
N1,1001330,link,link 1017,20.8820271,92.2977774,430.9999999999832
N1,1001331,link,link 1018,20.8782216,92.2977774,163.0000000000109
N1,1001332,bridge,bridge 314,20.8768604,92.2978886,43.00000000000637
N1,1001333,bridge,bridge 315,20.8764993,92.2978886,793.9999999999827
N1,1001334,link,link 1019,20.8692771,92.2981386,50.00000000001137
N1,1001335,link,link 1020,20.8688604,92.2982219,427.99999999999727
N1,1001336,bridge,bridge 316,20.8650278,92.2982497,42.00000000003001
N1,1001337,bridge,bridge 317,20.8646667,92.2981941,177.99999999999727
N1,1001338,link,link 1021,20.8629722,92.298083,129.99999999999545
N1,1001339,link,link 1022,20.8629167,92.298083,0.0
N1,1001340,sink,sink,20.8629167,92.298083,0.0
